stock,stock_symbol,predict_date,year,month,actual_target,market_regime,static_pred,static_confidence,static_signal,static_correct,dynamic_pred,dynamic_confidence,dynamic_signal,dynamic_correct,n_dynamic_features,dynamic_features,top_mi_feature
TCS,TCS.NS,2022-01-03,2022,1,0,Bull,1,0.71,BUY,0,-1,0.5326,NO TRADE,0,5,"SMA_10,ATR_14,MFI,OBV,MACD",SMA_10
TCS,TCS.NS,2022-01-04,2022,1,0,Bull,1,0.6719,BUY,0,-1,0.5362,NO TRADE,0,5,"SMA_10,ATR_14,MFI,OBV,MACD",SMA_10
TCS,TCS.NS,2022-01-05,2022,1,0,Bull,1,0.6442,BUY,0,-1,0.5419,NO TRADE,0,5,"SMA_10,ATR_14,MFI,OBV,MACD",SMA_10
TCS,TCS.NS,2022-01-06,2022,1,1,Bull,1,0.6422,BUY,1,0,0.5868,SELL,0,5,"SMA_10,ATR_14,MFI,OBV,MACD",SMA_10
TCS,TCS.NS,2022-01-07,2022,1,0,Bull,1,0.652,BUY,0,-1,0.547,NO TRADE,0,5,"SMA_10,ATR_14,MFI,OBV,MACD",SMA_10
TCS,TCS.NS,2022-01-10,2022,1,0,Bull,1,0.5598,BUY,0,0,0.6325,SELL,1,5,"SMA_10,ATR_14,MFI,OBV,MACD",SMA_10
TCS,TCS.NS,2022-01-11,2022,1,0,Bull,-1,0.5404,NO TRADE,0,0,0.6478,SELL,1,5,"SMA_10,ATR_14,MFI,OBV,MACD",SMA_10
TCS,TCS.NS,2022-01-12,2022,1,0,Bull,0,0.7314,SELL,1,0,0.8815,SELL,1,5,"SMA_10,ATR_14,MFI,OBV,MACD",SMA_10
TCS,TCS.NS,2022-01-13,2022,1,0,Bull,0,0.679,SELL,1,0,0.8843,SELL,1,5,"SMA_10,ATR_14,MFI,OBV,MACD",SMA_10
TCS,TCS.NS,2022-01-14,2022,1,0,Bull,0,0.9029,SELL,1,0,0.9622,SELL,1,5,"SMA_10,ATR_14,MFI,OBV,MACD",SMA_10
TCS,TCS.NS,2022-01-17,2022,1,0,Bull,0,0.8437,SELL,1,0,0.9626,SELL,1,5,"SMA_10,ATR_14,MFI,OBV,MACD",SMA_10
TCS,TCS.NS,2022-01-18,2022,1,0,Bull,0,0.8672,SELL,1,0,0.9625,SELL,1,5,"SMA_10,ATR_14,MFI,OBV,MACD",SMA_10
TCS,TCS.NS,2022-01-19,2022,1,0,Bull,0,0.8698,SELL,1,0,0.9636,SELL,1,5,"SMA_10,ATR_14,MFI,OBV,MACD",SMA_10
TCS,TCS.NS,2022-01-20,2022,1,0,Bull,0,0.8067,SELL,1,0,0.9619,SELL,1,5,"SMA_10,ATR_14,MFI,OBV,MACD",SMA_10
TCS,TCS.NS,2022-01-21,2022,1,0,Bull,0,0.8664,SELL,1,0,0.9591,SELL,1,5,"SMA_10,ATR_14,MFI,OBV,MACD",SMA_10
TCS,TCS.NS,2022-01-24,2022,1,0,Bull,0,0.78,SELL,1,0,0.9607,SELL,1,5,"SMA_10,ATR_14,MFI,OBV,MACD",SMA_10
TCS,TCS.NS,2022-01-25,2022,1,0,Bull,0,0.8208,SELL,1,0,0.9596,SELL,1,5,"SMA_10,ATR_14,MFI,OBV,MACD",SMA_10
TCS,TCS.NS,2022-01-27,2022,1,0,Bull,0,0.7105,SELL,1,0,0.8648,SELL,1,5,"SMA_10,ATR_14,MFI,OBV,MACD",SMA_10
TCS,TCS.NS,2022-01-28,2022,1,0,Bull,0,0.6579,SELL,1,0,0.8533,SELL,1,5,"SMA_10,ATR_14,MFI,OBV,MACD",SMA_10
TCS,TCS.NS,2022-01-31,2022,1,0,Bull,0,0.6865,SELL,1,0,0.7629,SELL,1,5,"SMA_10,ATR_14,MFI,OBV,MACD",SMA_10
TCS,TCS.NS,2022-02-01,2022,2,0,Bull,0,0.7116,SELL,1,0,0.7429,SELL,1,5,"SMA_10,ATR_14,MFI,OBV,MACD",SMA_10
TCS,TCS.NS,2022-02-02,2022,2,0,Bull,0,0.8252,SELL,1,0,0.8506,SELL,1,5,"SMA_10,ATR_14,MFI,OBV,MACD",SMA_10
TCS,TCS.NS,2022-02-03,2022,2,0,Bull,0,0.8077,SELL,1,0,0.8552,SELL,1,5,"SMA_10,ATR_14,MFI,OBV,MACD",SMA_10
TCS,TCS.NS,2022-02-04,2022,2,0,Bull,0,0.8055,SELL,1,0,0.8555,SELL,1,5,"SMA_10,ATR_14,MFI,OBV,MACD",SMA_10
TCS,TCS.NS,2022-02-07,2022,2,0,Bull,0,0.7593,SELL,1,0,0.8163,SELL,1,5,"SMA_10,ATR_14,MFI,OBV,MACD",SMA_10
TCS,TCS.NS,2022-02-08,2022,2,0,Bull,0,0.7616,SELL,1,0,0.865,SELL,1,5,"MACD_Hist,EMA_26,MACD_Signal,ATR_14,SMA_20",MACD_Hist
TCS,TCS.NS,2022-02-09,2022,2,0,Bull,0,0.793,SELL,1,0,0.8468,SELL,1,5,"MACD_Hist,EMA_26,MACD_Signal,ATR_14,SMA_20",MACD_Hist
TCS,TCS.NS,2022-02-10,2022,2,0,Bull,0,0.6171,SELL,1,0,0.7793,SELL,1,5,"MACD_Hist,EMA_26,MACD_Signal,ATR_14,SMA_20",MACD_Hist
TCS,TCS.NS,2022-02-11,2022,2,0,Bull,0,0.6634,SELL,1,0,0.613,SELL,1,5,"MACD_Hist,EMA_26,MACD_Signal,ATR_14,SMA_20",MACD_Hist
TCS,TCS.NS,2022-02-14,2022,2,0,Sideways,0,0.6541,SELL,1,0,0.6554,SELL,1,5,"MACD_Hist,EMA_26,MACD_Signal,ATR_14,SMA_20",MACD_Hist
TCS,TCS.NS,2022-02-15,2022,2,0,Bull,0,0.7282,SELL,1,0,0.6222,SELL,1,5,"MACD_Hist,EMA_26,MACD_Signal,ATR_14,SMA_20",MACD_Hist
TCS,TCS.NS,2022-02-16,2022,2,0,Bull,0,0.6798,SELL,1,0,0.608,SELL,1,5,"MACD_Hist,EMA_26,MACD_Signal,ATR_14,SMA_20",MACD_Hist
TCS,TCS.NS,2022-02-17,2022,2,0,Bull,0,0.6214,SELL,1,0,0.5897,SELL,1,5,"MACD_Hist,EMA_26,MACD_Signal,ATR_14,SMA_20",MACD_Hist
TCS,TCS.NS,2022-02-18,2022,2,0,Bull,-1,0.5259,NO TRADE,0,-1,0.5484,NO TRADE,0,5,"MACD_Hist,EMA_26,MACD_Signal,ATR_14,SMA_20",MACD_Hist
TCS,TCS.NS,2022-02-21,2022,2,0,Bull,0,0.5775,SELL,1,0,0.6049,SELL,1,5,"MACD_Hist,EMA_26,MACD_Signal,ATR_14,SMA_20",MACD_Hist
TCS,TCS.NS,2022-02-22,2022,2,1,Bull,1,0.6078,BUY,1,0,0.6952,SELL,0,5,"MACD_Hist,EMA_26,MACD_Signal,ATR_14,SMA_20",MACD_Hist
TCS,TCS.NS,2022-02-23,2022,2,1,Sideways,1,0.5831,BUY,1,0,0.6131,SELL,0,5,"MACD_Hist,EMA_26,MACD_Signal,ATR_14,SMA_20",MACD_Hist
TCS,TCS.NS,2022-02-24,2022,2,1,Sideways,0,0.7718,SELL,0,0,0.614,SELL,0,5,"MACD_Hist,EMA_26,MACD_Signal,ATR_14,SMA_20",MACD_Hist
TCS,TCS.NS,2022-02-25,2022,2,1,Bear,0,0.6018,SELL,0,0,0.5672,SELL,0,5,"MACD_Hist,EMA_26,MACD_Signal,ATR_14,SMA_20",MACD_Hist
TCS,TCS.NS,2022-02-28,2022,2,1,Sideways,-1,0.544,NO TRADE,0,-1,0.5261,NO TRADE,0,5,"MACD_Hist,EMA_26,MACD_Signal,ATR_14,SMA_20",MACD_Hist
TCS,TCS.NS,2022-03-02,2022,3,1,Sideways,-1,0.5334,NO TRADE,0,-1,0.5261,NO TRADE,0,5,"MACD_Hist,EMA_26,MACD_Signal,ATR_14,SMA_20",MACD_Hist
TCS,TCS.NS,2022-03-03,2022,3,1,Sideways,-1,0.5271,NO TRADE,0,-1,0.5173,NO TRADE,0,5,"MACD_Hist,EMA_26,MACD_Signal,ATR_14,SMA_20",MACD_Hist
TCS,TCS.NS,2022-03-04,2022,3,1,Sideways,1,0.5516,BUY,1,-1,0.5208,NO TRADE,0,5,"MACD_Hist,EMA_26,MACD_Signal,ATR_14,SMA_20",MACD_Hist
TCS,TCS.NS,2022-03-07,2022,3,1,Sideways,-1,0.5334,NO TRADE,0,-1,0.526,NO TRADE,0,5,"MACD_Hist,EMA_26,MACD_Signal,ATR_14,SMA_20",MACD_Hist
TCS,TCS.NS,2022-03-08,2022,3,1,Bear,-1,0.5261,NO TRADE,0,1,0.7011,BUY,1,5,"MACD_Hist,EMA_26,MACD_Signal,ATR_14,SMA_20",MACD_Hist
TCS,TCS.NS,2022-03-09,2022,3,1,Sideways,1,0.6497,BUY,1,1,0.7674,BUY,1,5,"MACD_Hist,EMA_26,MACD_Signal,ATR_14,SMA_20",MACD_Hist
TCS,TCS.NS,2022-03-10,2022,3,1,Sideways,1,0.6716,BUY,1,1,0.7812,BUY,1,5,"MACD_Hist,EMA_26,MACD_Signal,ATR_14,SMA_20",MACD_Hist
TCS,TCS.NS,2022-03-11,2022,3,1,Sideways,1,0.7198,BUY,1,1,0.7723,BUY,1,5,"MACD_Hist,EMA_26,MACD_Signal,ATR_14,SMA_20",MACD_Hist
TCS,TCS.NS,2022-03-14,2022,3,1,Sideways,1,0.8191,BUY,1,1,0.7356,BUY,1,5,"MACD_Hist,EMA_26,MACD_Signal,ATR_14,SMA_20",MACD_Hist
TCS,TCS.NS,2022-03-15,2022,3,1,Sideways,1,0.8763,BUY,1,1,0.7722,BUY,1,5,"MACD_Hist,EMA_26,MACD_Signal,ATR_14,SMA_20",MACD_Hist
TCS,TCS.NS,2022-03-16,2022,3,0,Bear,1,0.7692,BUY,0,1,0.7393,BUY,0,5,"MACD_Hist,EMA_26,MACD_Signal,ATR_14,SMA_20",MACD_Hist
TCS,TCS.NS,2022-03-17,2022,3,0,Bear,1,0.7424,BUY,0,1,0.7788,BUY,0,5,"MACD_Hist,EMA_26,MACD_Signal,ATR_14,SMA_20",MACD_Hist
TCS,TCS.NS,2022-03-21,2022,3,0,Bear,1,0.7978,BUY,0,1,0.7686,BUY,0,5,"MACD_Hist,EMA_26,MACD_Signal,ATR_14,SMA_20",MACD_Hist
TCS,TCS.NS,2022-03-22,2022,3,0,Bear,1,0.5938,BUY,0,1,0.7736,BUY,0,5,"MACD_Hist,EMA_26,MACD_Signal,ATR_14,SMA_20",MACD_Hist
TCS,TCS.NS,2022-03-23,2022,3,0,Sideways,-1,0.5276,NO TRADE,0,1,0.7268,BUY,0,5,"MACD_Hist,EMA_26,MACD_Signal,ATR_14,SMA_20",MACD_Hist
TCS,TCS.NS,2022-03-24,2022,3,0,Bear,0,0.5748,SELL,1,1,0.6954,BUY,0,5,"MACD_Hist,EMA_26,MACD_Signal,ATR_14,SMA_20",MACD_Hist
TCS,TCS.NS,2022-03-25,2022,3,0,Bear,-1,0.5186,NO TRADE,0,1,0.6744,BUY,0,5,"MACD_Hist,EMA_26,MACD_Signal,ATR_14,SMA_20",MACD_Hist
TCS,TCS.NS,2022-03-28,2022,3,0,Bear,-1,0.5038,NO TRADE,0,1,0.6828,BUY,0,5,"MACD_Hist,EMA_26,MACD_Signal,ATR_14,SMA_20",MACD_Hist
TCS,TCS.NS,2022-03-29,2022,3,0,Bear,0,0.7128,SELL,1,0,0.5832,SELL,1,5,"MACD_Hist,EMA_26,MACD_Signal,ATR_14,SMA_20",MACD_Hist
TCS,TCS.NS,2022-03-30,2022,3,0,Bear,0,0.6013,SELL,1,-1,0.5065,NO TRADE,0,5,"MACD_Hist,EMA_26,MACD_Signal,ATR_14,SMA_20",MACD_Hist
TCS,TCS.NS,2022-03-31,2022,3,0,Bear,1,0.6656,BUY,0,1,0.6734,BUY,0,5,"MACD_Hist,EMA_26,MACD_Signal,ATR_14,SMA_20",MACD_Hist
TCS,TCS.NS,2022-04-01,2022,4,0,Bear,1,0.6323,BUY,0,1,0.6826,BUY,0,5,"MACD_Hist,EMA_26,MACD_Signal,ATR_14,SMA_20",MACD_Hist
TCS,TCS.NS,2022-04-04,2022,4,0,Bear,1,0.5579,BUY,0,-1,0.546,NO TRADE,0,5,"MACD_Hist,EMA_26,MACD_Signal,ATR_14,SMA_20",MACD_Hist
TCS,TCS.NS,2022-04-05,2022,4,0,Bear,1,0.5966,BUY,0,-1,0.517,NO TRADE,0,5,"MACD_Hist,EMA_26,MACD_Signal,ATR_14,SMA_20",MACD_Hist
TCS,TCS.NS,2022-04-06,2022,4,0,Sideways,1,0.5668,BUY,0,-1,0.537,NO TRADE,0,5,"MACD_Hist,EMA_26,MACD_Signal,ATR_14,SMA_20",MACD_Hist
TCS,TCS.NS,2022-04-07,2022,4,0,Sideways,1,0.5829,BUY,0,-1,0.5008,NO TRADE,0,5,"MACD_Hist,EMA_26,MACD_Signal,ATR_14,SMA_20",MACD_Hist
TCS,TCS.NS,2022-04-08,2022,4,0,Sideways,1,0.5899,BUY,0,-1,0.5159,NO TRADE,0,5,"MACD_Hist,EMA_26,MACD_Signal,ATR_14,SMA_20",MACD_Hist
TCS,TCS.NS,2022-04-11,2022,4,0,Sideways,1,0.7116,BUY,0,-1,0.5019,NO TRADE,0,5,"MACD_Hist,EMA_26,MACD_Signal,ATR_14,SMA_20",MACD_Hist
TCS,TCS.NS,2022-04-12,2022,4,0,Sideways,1,0.7652,BUY,0,-1,0.5064,NO TRADE,0,5,"MACD_Hist,EMA_26,MACD_Signal,ATR_14,SMA_20",MACD_Hist
TCS,TCS.NS,2022-04-13,2022,4,0,Sideways,1,0.6177,BUY,0,1,0.6023,BUY,0,5,"MACD_Hist,EMA_26,MACD_Signal,ATR_14,SMA_20",MACD_Hist
TCS,TCS.NS,2022-04-18,2022,4,0,Sideways,-1,0.5056,NO TRADE,0,0,0.7922,SELL,1,5,"MACD_Hist,EMA_26,MACD_Signal,ATR_14,SMA_20",MACD_Hist
TCS,TCS.NS,2022-04-19,2022,4,0,Bear,1,0.5709,BUY,0,0,0.713,SELL,1,5,"MACD_Hist,EMA_26,MACD_Signal,ATR_14,SMA_20",MACD_Hist
TCS,TCS.NS,2022-04-20,2022,4,0,Bear,1,0.5889,BUY,0,0,0.7352,SELL,1,5,"MACD_Hist,EMA_26,MACD_Signal,ATR_14,SMA_20",MACD_Hist
TCS,TCS.NS,2022-04-21,2022,4,0,Bear,1,0.5902,BUY,0,0,0.7297,SELL,1,5,"MACD_Hist,EMA_26,MACD_Signal,ATR_14,SMA_20",MACD_Hist
TCS,TCS.NS,2022-04-22,2022,4,0,Bear,1,0.6994,BUY,0,1,0.5589,BUY,0,5,"MACD_Hist,EMA_26,MACD_Signal,ATR_14,SMA_20",MACD_Hist
TCS,TCS.NS,2022-04-25,2022,4,0,Bear,1,0.8097,BUY,0,-1,0.5346,NO TRADE,0,5,"MACD_Hist,EMA_26,MACD_Signal,ATR_14,SMA_20",MACD_Hist
TCS,TCS.NS,2022-04-26,2022,4,0,Bear,1,0.7679,BUY,0,-1,0.509,NO TRADE,0,5,"MACD_Hist,EMA_26,MACD_Signal,ATR_14,SMA_20",MACD_Hist
TCS,TCS.NS,2022-04-27,2022,4,0,Bear,1,0.7999,BUY,0,1,0.6028,BUY,0,5,"MACD_Hist,EMA_26,MACD_Signal,ATR_14,SMA_20",MACD_Hist
TCS,TCS.NS,2022-04-28,2022,4,0,Bear,1,0.8218,BUY,0,1,0.7038,BUY,0,5,"MACD_Hist,EMA_26,MACD_Signal,ATR_14,SMA_20",MACD_Hist
TCS,TCS.NS,2022-04-29,2022,4,0,Sideways,1,0.9212,BUY,0,1,0.7347,BUY,0,5,"MACD_Hist,EMA_26,MACD_Signal,ATR_14,SMA_20",MACD_Hist
TCS,TCS.NS,2022-05-02,2022,5,0,Bear,1,0.9364,BUY,0,1,0.7902,BUY,0,5,"MACD_Hist,EMA_26,MACD_Signal,ATR_14,SMA_20",MACD_Hist
TCS,TCS.NS,2022-05-04,2022,5,0,Bear,1,0.9301,BUY,0,1,0.7715,BUY,0,5,"MACD_Hist,EMA_26,MACD_Signal,ATR_14,SMA_20",MACD_Hist
TCS,TCS.NS,2022-05-05,2022,5,0,Bear,1,0.9331,BUY,0,1,0.8011,BUY,0,5,"MACD_Hist,EMA_26,MACD_Signal,ATR_14,SMA_20",MACD_Hist
TCS,TCS.NS,2022-05-06,2022,5,1,Bear,1,0.9021,BUY,1,1,0.8004,BUY,1,5,"MACD_Hist,EMA_26,MACD_Signal,ATR_14,SMA_20",MACD_Hist
TCS,TCS.NS,2022-05-09,2022,5,1,Bear,1,0.9168,BUY,1,1,0.7992,BUY,1,5,"MACD_Hist,EMA_26,MACD_Signal,ATR_14,SMA_20",MACD_Hist
TCS,TCS.NS,2022-05-10,2022,5,0,Bear,1,0.8769,BUY,0,1,0.8964,BUY,0,5,"EMA_12,BB_Upper,EMA_26,MACD,Volume_MA",EMA_12
TCS,TCS.NS,2022-05-11,2022,5,1,Bear,1,0.845,BUY,1,1,0.9168,BUY,1,5,"EMA_12,BB_Upper,EMA_26,MACD,Volume_MA",EMA_12
TCS,TCS.NS,2022-05-12,2022,5,1,Bear,1,0.8341,BUY,1,1,0.912,BUY,1,5,"EMA_12,BB_Upper,EMA_26,MACD,Volume_MA",EMA_12
TCS,TCS.NS,2022-05-13,2022,5,0,Sideways,1,0.8869,BUY,0,1,0.9418,BUY,0,5,"EMA_12,BB_Upper,EMA_26,MACD,Volume_MA",EMA_12
TCS,TCS.NS,2022-05-16,2022,5,0,Bear,1,0.8472,BUY,0,1,0.9428,BUY,0,5,"EMA_12,BB_Upper,EMA_26,MACD,Volume_MA",EMA_12
TCS,TCS.NS,2022-05-17,2022,5,0,Bear,1,0.898,BUY,0,1,0.9625,BUY,0,5,"EMA_12,BB_Upper,EMA_26,MACD,Volume_MA",EMA_12
TCS,TCS.NS,2022-05-18,2022,5,0,Sideways,1,0.9217,BUY,0,1,0.9628,BUY,0,5,"EMA_12,BB_Upper,EMA_26,MACD,Volume_MA",EMA_12
TCS,TCS.NS,2022-05-19,2022,5,0,Sideways,1,0.8742,BUY,0,1,0.961,BUY,0,5,"EMA_12,BB_Upper,EMA_26,MACD,Volume_MA",EMA_12
TCS,TCS.NS,2022-05-20,2022,5,0,Bear,1,0.8788,BUY,0,1,0.9537,BUY,0,5,"EMA_12,BB_Upper,EMA_26,MACD,Volume_MA",EMA_12
TCS,TCS.NS,2022-05-23,2022,5,0,Bear,1,0.8238,BUY,0,1,0.9407,BUY,0,5,"EMA_12,BB_Upper,EMA_26,MACD,Volume_MA",EMA_12
TCS,TCS.NS,2022-05-24,2022,5,0,Bear,1,0.8204,BUY,0,1,0.9486,BUY,0,5,"EMA_12,BB_Upper,EMA_26,MACD,Volume_MA",EMA_12
TCS,TCS.NS,2022-05-25,2022,5,1,Bear,1,0.7413,BUY,1,1,0.9272,BUY,1,5,"EMA_12,BB_Upper,EMA_26,MACD,Volume_MA",EMA_12
TCS,TCS.NS,2022-05-26,2022,5,1,Bear,1,0.7292,BUY,1,1,0.9231,BUY,1,5,"EMA_12,BB_Upper,EMA_26,MACD,Volume_MA",EMA_12
TCS,TCS.NS,2022-05-27,2022,5,1,Bear,1,0.7182,BUY,1,1,0.9207,BUY,1,5,"EMA_12,BB_Upper,EMA_26,MACD,Volume_MA",EMA_12
TCS,TCS.NS,2022-05-30,2022,5,0,Bear,1,0.568,BUY,0,1,0.9207,BUY,0,5,"EMA_12,BB_Upper,EMA_26,MACD,Volume_MA",EMA_12
TCS,TCS.NS,2022-05-31,2022,5,0,Bear,1,0.6744,BUY,0,1,0.9478,BUY,0,5,"EMA_12,BB_Upper,EMA_26,MACD,Volume_MA",EMA_12
TCS,TCS.NS,2022-06-01,2022,6,0,Bear,1,0.6582,BUY,0,1,0.9472,BUY,0,5,"EMA_12,BB_Upper,EMA_26,MACD,Volume_MA",EMA_12
TCS,TCS.NS,2022-06-02,2022,6,0,Bear,1,0.6377,BUY,0,1,0.9478,BUY,0,5,"EMA_12,BB_Upper,EMA_26,MACD,Volume_MA",EMA_12
TCS,TCS.NS,2022-06-03,2022,6,0,Bear,1,0.6185,BUY,0,1,0.9478,BUY,0,5,"EMA_12,BB_Upper,EMA_26,MACD,Volume_MA",EMA_12
TCS,TCS.NS,2022-06-06,2022,6,0,Bear,-1,0.545,NO TRADE,0,1,0.934,BUY,0,5,"EMA_12,BB_Upper,EMA_26,MACD,Volume_MA",EMA_12
TCS,TCS.NS,2022-06-07,2022,6,0,Bear,1,0.6656,BUY,0,1,0.9499,BUY,0,5,"EMA_12,BB_Upper,EMA_26,MACD,Volume_MA",EMA_12
TCS,TCS.NS,2022-06-08,2022,6,0,Bear,1,0.6861,BUY,0,1,0.9518,BUY,0,5,"EMA_12,BB_Upper,EMA_26,MACD,Volume_MA",EMA_12
TCS,TCS.NS,2022-06-09,2022,6,0,Bear,1,0.6322,BUY,0,1,0.9298,BUY,0,5,"EMA_12,BB_Upper,EMA_26,MACD,Volume_MA",EMA_12
TCS,TCS.NS,2022-06-10,2022,6,0,Bear,1,0.7031,BUY,0,1,0.9356,BUY,0,5,"EMA_12,BB_Upper,EMA_26,MACD,Volume_MA",EMA_12
TCS,TCS.NS,2022-06-13,2022,6,0,Bear,1,0.8068,BUY,0,1,0.9442,BUY,0,5,"EMA_12,BB_Upper,EMA_26,MACD,Volume_MA",EMA_12
TCS,TCS.NS,2022-06-14,2022,6,0,Bear,1,0.8083,BUY,0,1,0.9478,BUY,0,5,"EMA_12,BB_Upper,EMA_26,MACD,Volume_MA",EMA_12
TCS,TCS.NS,2022-06-15,2022,6,0,Bear,1,0.7684,BUY,0,1,0.9478,BUY,0,5,"EMA_12,BB_Upper,EMA_26,MACD,Volume_MA",EMA_12
TCS,TCS.NS,2022-06-16,2022,6,0,Bear,1,0.7588,BUY,0,1,0.9353,BUY,0,5,"EMA_12,BB_Upper,EMA_26,MACD,Volume_MA",EMA_12
TCS,TCS.NS,2022-06-17,2022,6,0,Bear,1,0.7384,BUY,0,1,0.9409,BUY,0,5,"EMA_12,BB_Upper,EMA_26,MACD,Volume_MA",EMA_12
TCS,TCS.NS,2022-06-20,2022,6,0,Bear,1,0.7163,BUY,0,1,0.9245,BUY,0,5,"EMA_12,BB_Upper,EMA_26,MACD,Volume_MA",EMA_12
TCS,TCS.NS,2022-06-21,2022,6,0,Bear,1,0.7315,BUY,0,1,0.9381,BUY,0,5,"EMA_12,BB_Upper,EMA_26,MACD,Volume_MA",EMA_12
TCS,TCS.NS,2022-06-22,2022,6,0,Bear,1,0.7829,BUY,0,1,0.9375,BUY,0,5,"EMA_12,BB_Upper,EMA_26,MACD,Volume_MA",EMA_12
TCS,TCS.NS,2022-06-23,2022,6,0,Bear,1,0.6376,BUY,0,1,0.9379,BUY,0,5,"EMA_12,BB_Upper,EMA_26,MACD,Volume_MA",EMA_12
TCS,TCS.NS,2022-06-24,2022,6,0,Bear,1,0.7019,BUY,0,1,0.9375,BUY,0,5,"EMA_12,BB_Upper,EMA_26,MACD,Volume_MA",EMA_12
TCS,TCS.NS,2022-06-27,2022,6,0,Bear,1,0.7475,BUY,0,1,0.9375,BUY,0,5,"EMA_12,BB_Upper,EMA_26,MACD,Volume_MA",EMA_12
TCS,TCS.NS,2022-06-28,2022,6,0,Bear,1,0.687,BUY,0,1,0.904,BUY,0,5,"EMA_12,BB_Upper,EMA_26,MACD,Volume_MA",EMA_12
TCS,TCS.NS,2022-06-29,2022,6,0,Bear,1,0.7376,BUY,0,1,0.9057,BUY,0,5,"EMA_12,BB_Upper,EMA_26,MACD,Volume_MA",EMA_12
TCS,TCS.NS,2022-06-30,2022,6,1,Bear,1,0.7684,BUY,1,1,0.915,BUY,1,5,"EMA_12,BB_Upper,EMA_26,MACD,Volume_MA",EMA_12
TCS,TCS.NS,2022-07-01,2022,7,0,Bear,1,0.6676,BUY,0,1,0.9173,BUY,0,5,"EMA_12,BB_Upper,EMA_26,MACD,Volume_MA",EMA_12
TCS,TCS.NS,2022-07-04,2022,7,1,Bear,1,0.7735,BUY,1,1,0.9322,BUY,1,5,"EMA_12,BB_Upper,EMA_26,MACD,Volume_MA",EMA_12
TCS,TCS.NS,2022-07-05,2022,7,1,Bear,1,0.767,BUY,1,1,0.9296,BUY,1,5,"EMA_12,BB_Upper,EMA_26,MACD,Volume_MA",EMA_12
TCS,TCS.NS,2022-07-06,2022,7,1,Bear,1,0.7125,BUY,1,1,0.9296,BUY,1,5,"EMA_12,BB_Upper,EMA_26,MACD,Volume_MA",EMA_12
TCS,TCS.NS,2022-07-07,2022,7,1,Bear,1,0.7738,BUY,1,1,0.9396,BUY,1,5,"EMA_12,BB_Upper,EMA_26,MACD,Volume_MA",EMA_12
TCS,TCS.NS,2022-07-08,2022,7,1,Bear,1,0.8218,BUY,1,1,0.9505,BUY,1,5,"EMA_12,BB_Upper,EMA_26,MACD,Volume_MA",EMA_12
TCS,TCS.NS,2022-07-11,2022,7,1,Bear,1,0.8294,BUY,1,1,0.9367,BUY,1,5,"EMA_12,BB_Upper,EMA_26,MACD,Volume_MA",EMA_12
TCS,TCS.NS,2022-07-12,2022,7,1,Bear,1,0.8192,BUY,1,1,0.9351,BUY,1,5,"EMA_12,BB_Upper,EMA_26,MACD,Volume_MA",EMA_12
TCS,TCS.NS,2022-07-13,2022,7,1,Bear,1,0.7336,BUY,1,1,0.9362,BUY,1,5,"EMA_12,BB_Upper,EMA_26,MACD,Volume_MA",EMA_12
TCS,TCS.NS,2022-07-14,2022,7,1,Bear,1,0.7411,BUY,1,1,0.9056,BUY,1,5,"EMA_12,BB_Upper,EMA_26,MACD,Volume_MA",EMA_12
TCS,TCS.NS,2022-07-15,2022,7,1,Bear,1,0.7717,BUY,1,1,0.9034,BUY,1,5,"EMA_12,BB_Upper,EMA_26,MACD,Volume_MA",EMA_12
TCS,TCS.NS,2022-07-18,2022,7,1,Bear,1,0.8221,BUY,1,1,0.8888,BUY,1,5,"EMA_12,BB_Upper,EMA_26,MACD,Volume_MA",EMA_12
TCS,TCS.NS,2022-07-19,2022,7,1,Bear,1,0.8786,BUY,1,1,0.887,BUY,1,5,"EMA_12,BB_Upper,EMA_26,MACD,Volume_MA",EMA_12
TCS,TCS.NS,2022-07-20,2022,7,1,Bear,1,0.7597,BUY,1,1,0.887,BUY,1,5,"EMA_12,BB_Upper,EMA_26,MACD,Volume_MA",EMA_12
TCS,TCS.NS,2022-07-21,2022,7,1,Bear,1,0.7728,BUY,1,1,0.8809,BUY,1,5,"EMA_12,BB_Upper,EMA_26,MACD,Volume_MA",EMA_12
TCS,TCS.NS,2022-07-22,2022,7,1,Bear,1,0.8,BUY,1,1,0.8794,BUY,1,5,"EMA_12,BB_Upper,EMA_26,MACD,Volume_MA",EMA_12
TCS,TCS.NS,2022-07-25,2022,7,1,Bear,1,0.8272,BUY,1,1,0.8794,BUY,1,5,"EMA_12,BB_Upper,EMA_26,MACD,Volume_MA",EMA_12
TCS,TCS.NS,2022-07-26,2022,7,1,Bear,1,0.8779,BUY,1,1,0.7778,BUY,1,5,"EMA_12,BB_Upper,EMA_26,MACD,Volume_MA",EMA_12
TCS,TCS.NS,2022-07-27,2022,7,1,Bear,1,0.6915,BUY,1,1,0.7695,BUY,1,5,"EMA_12,BB_Upper,EMA_26,MACD,Volume_MA",EMA_12
TCS,TCS.NS,2022-07-28,2022,7,0,Bear,1,0.6872,BUY,0,1,0.9028,BUY,0,5,"EMA_12,BB_Upper,EMA_26,MACD,Volume_MA",EMA_12
TCS,TCS.NS,2022-07-29,2022,7,0,Sideways,1,0.5892,BUY,0,1,0.8792,BUY,0,5,"EMA_12,BB_Upper,EMA_26,MACD,Volume_MA",EMA_12
TCS,TCS.NS,2022-08-01,2022,8,0,Sideways,1,0.654,BUY,0,1,0.8719,BUY,0,5,"EMA_12,BB_Upper,EMA_26,MACD,Volume_MA",EMA_12
TCS,TCS.NS,2022-08-02,2022,8,0,Sideways,1,0.5642,BUY,0,1,0.7191,BUY,0,5,"EMA_12,BB_Upper,Volume_MA,ATR_14,EMA_26",EMA_12
TCS,TCS.NS,2022-08-03,2022,8,0,Sideways,1,0.5873,BUY,0,1,0.722,BUY,0,5,"EMA_12,BB_Upper,Volume_MA,ATR_14,EMA_26",EMA_12
TCS,TCS.NS,2022-08-04,2022,8,0,Bull,0,0.6181,SELL,1,1,0.6743,BUY,0,5,"EMA_12,BB_Upper,Volume_MA,ATR_14,EMA_26",EMA_12
TCS,TCS.NS,2022-08-05,2022,8,0,Bull,-1,0.5192,NO TRADE,0,1,0.7331,BUY,0,5,"EMA_12,BB_Upper,Volume_MA,ATR_14,EMA_26",EMA_12
TCS,TCS.NS,2022-08-08,2022,8,0,Bull,-1,0.5389,NO TRADE,0,1,0.6769,BUY,0,5,"EMA_12,BB_Upper,Volume_MA,ATR_14,EMA_26",EMA_12
TCS,TCS.NS,2022-08-10,2022,8,0,Sideways,-1,0.5481,NO TRADE,0,1,0.6823,BUY,0,5,"EMA_12,BB_Upper,Volume_MA,ATR_14,EMA_26",EMA_12
TCS,TCS.NS,2022-08-11,2022,8,0,Sideways,-1,0.5305,NO TRADE,0,1,0.6712,BUY,0,5,"EMA_12,BB_Upper,Volume_MA,ATR_14,EMA_26",EMA_12
TCS,TCS.NS,2022-08-12,2022,8,0,Bull,-1,0.5467,NO TRADE,0,1,0.5534,BUY,0,5,"EMA_12,BB_Upper,Volume_MA,ATR_14,EMA_26",EMA_12
TCS,TCS.NS,2022-08-16,2022,8,0,Sideways,-1,0.5278,NO TRADE,0,1,0.6367,BUY,0,5,"EMA_12,BB_Upper,Volume_MA,ATR_14,EMA_26",EMA_12
TCS,TCS.NS,2022-08-17,2022,8,0,Sideways,1,0.6623,BUY,0,1,0.6776,BUY,0,5,"EMA_12,BB_Upper,Volume_MA,ATR_14,EMA_26",EMA_12
TCS,TCS.NS,2022-08-18,2022,8,0,Sideways,1,0.6038,BUY,0,1,0.7086,BUY,0,5,"EMA_12,BB_Upper,Volume_MA,ATR_14,EMA_26",EMA_12
TCS,TCS.NS,2022-08-19,2022,8,0,Sideways,1,0.5714,BUY,0,1,0.6407,BUY,0,5,"EMA_12,BB_Upper,Volume_MA,ATR_14,EMA_26",EMA_12
TCS,TCS.NS,2022-08-22,2022,8,0,Sideways,1,0.5762,BUY,0,1,0.6115,BUY,0,5,"EMA_12,BB_Upper,Volume_MA,ATR_14,EMA_26",EMA_12
TCS,TCS.NS,2022-08-23,2022,8,0,Sideways,1,0.6544,BUY,0,1,0.6115,BUY,0,5,"EMA_12,BB_Upper,Volume_MA,ATR_14,EMA_26",EMA_12
TCS,TCS.NS,2022-08-24,2022,8,0,Sideways,1,0.6555,BUY,0,1,0.6115,BUY,0,5,"EMA_12,BB_Upper,Volume_MA,ATR_14,EMA_26",EMA_12
TCS,TCS.NS,2022-08-25,2022,8,0,Sideways,1,0.6953,BUY,0,1,0.6018,BUY,0,5,"EMA_12,BB_Upper,Volume_MA,ATR_14,EMA_26",EMA_12
TCS,TCS.NS,2022-08-26,2022,8,0,Sideways,1,0.6987,BUY,0,1,0.6115,BUY,0,5,"EMA_12,BB_Upper,Volume_MA,ATR_14,EMA_26",EMA_12
TCS,TCS.NS,2022-08-29,2022,8,0,Sideways,1,0.8012,BUY,0,1,0.6339,BUY,0,5,"EMA_12,BB_Upper,Volume_MA,ATR_14,EMA_26",EMA_12
TCS,TCS.NS,2022-08-30,2022,8,0,Sideways,1,0.7828,BUY,0,1,0.661,BUY,0,5,"EMA_12,BB_Upper,Volume_MA,ATR_14,EMA_26",EMA_12
TCS,TCS.NS,2022-09-01,2022,9,0,Bull,1,0.8207,BUY,0,1,0.7184,BUY,0,5,"EMA_12,BB_Upper,Volume_MA,ATR_14,EMA_26",EMA_12
TCS,TCS.NS,2022-09-02,2022,9,0,Sideways,1,0.7577,BUY,0,1,0.7315,BUY,0,5,"EMA_12,BB_Upper,Volume_MA,ATR_14,EMA_26",EMA_12
TCS,TCS.NS,2022-09-05,2022,9,0,Sideways,1,0.7888,BUY,0,1,0.7175,BUY,0,5,"EMA_12,BB_Upper,Volume_MA,ATR_14,EMA_26",EMA_12
TCS,TCS.NS,2022-09-06,2022,9,0,Sideways,1,0.8505,BUY,0,1,0.6741,BUY,0,5,"EMA_12,BB_Upper,Volume_MA,ATR_14,EMA_26",EMA_12
TCS,TCS.NS,2022-09-07,2022,9,0,Bear,1,0.8505,BUY,0,1,0.6533,BUY,0,5,"EMA_12,BB_Upper,Volume_MA,ATR_14,EMA_26",EMA_12
TCS,TCS.NS,2022-09-08,2022,9,0,Bear,1,0.8465,BUY,0,1,0.6523,BUY,0,5,"EMA_12,BB_Upper,Volume_MA,ATR_14,EMA_26",EMA_12
TCS,TCS.NS,2022-09-09,2022,9,0,Bear,1,0.8465,BUY,0,1,0.6533,BUY,0,5,"EMA_12,BB_Upper,Volume_MA,ATR_14,EMA_26",EMA_12
TCS,TCS.NS,2022-09-12,2022,9,0,Sideways,1,0.889,BUY,0,1,0.6387,BUY,0,5,"EMA_12,BB_Upper,Volume_MA,ATR_14,EMA_26",EMA_12
TCS,TCS.NS,2022-09-13,2022,9,0,Sideways,1,0.9074,BUY,0,1,0.6417,BUY,0,5,"EMA_12,BB_Upper,Volume_MA,ATR_14,EMA_26",EMA_12
TCS,TCS.NS,2022-09-14,2022,9,0,Sideways,1,0.9527,BUY,0,1,0.6605,BUY,0,5,"EMA_12,BB_Upper,Volume_MA,ATR_14,EMA_26",EMA_12
TCS,TCS.NS,2022-09-15,2022,9,0,Bear,1,0.8959,BUY,0,1,0.5804,BUY,0,5,"EMA_12,BB_Upper,Volume_MA,ATR_14,EMA_26",EMA_12
TCS,TCS.NS,2022-09-16,2022,9,1,Bear,1,0.9361,BUY,1,1,0.6739,BUY,1,5,"EMA_12,BB_Upper,Volume_MA,ATR_14,EMA_26",EMA_12
TCS,TCS.NS,2022-09-19,2022,9,1,Bear,1,0.8613,BUY,1,1,0.6782,BUY,1,5,"EMA_12,BB_Upper,Volume_MA,ATR_14,EMA_26",EMA_12
TCS,TCS.NS,2022-09-20,2022,9,1,Bear,1,0.8624,BUY,1,1,0.7046,BUY,1,5,"EMA_12,BB_Upper,Volume_MA,ATR_14,EMA_26",EMA_12
TCS,TCS.NS,2022-09-21,2022,9,1,Bear,1,0.8955,BUY,1,1,0.7252,BUY,1,5,"EMA_12,BB_Upper,Volume_MA,ATR_14,EMA_26",EMA_12
TCS,TCS.NS,2022-09-22,2022,9,1,Bear,1,0.8331,BUY,1,1,0.7997,BUY,1,5,"EMA_12,BB_Upper,Volume_MA,ATR_14,EMA_26",EMA_12
TCS,TCS.NS,2022-09-23,2022,9,1,Bear,1,0.8733,BUY,1,1,0.8187,BUY,1,5,"EMA_12,BB_Upper,Volume_MA,ATR_14,EMA_26",EMA_12
TCS,TCS.NS,2022-09-26,2022,9,1,Bear,1,0.8825,BUY,1,1,0.8413,BUY,1,5,"EMA_12,BB_Upper,Volume_MA,ATR_14,EMA_26",EMA_12
TCS,TCS.NS,2022-09-27,2022,9,1,Sideways,1,0.8944,BUY,1,1,0.8413,BUY,1,5,"EMA_12,BB_Upper,Volume_MA,ATR_14,EMA_26",EMA_12
TCS,TCS.NS,2022-09-28,2022,9,1,Sideways,1,0.8963,BUY,1,1,0.8204,BUY,1,5,"EMA_12,BB_Upper,Volume_MA,ATR_14,EMA_26",EMA_12
TCS,TCS.NS,2022-09-29,2022,9,1,Sideways,1,0.9078,BUY,1,1,0.8339,BUY,1,5,"EMA_12,BB_Upper,Volume_MA,ATR_14,EMA_26",EMA_12
TCS,TCS.NS,2022-09-30,2022,9,1,Sideways,1,0.9178,BUY,1,1,0.8389,BUY,1,5,"EMA_12,BB_Upper,Volume_MA,ATR_14,EMA_26",EMA_12
TCS,TCS.NS,2022-10-03,2022,10,1,Sideways,1,0.9421,BUY,1,1,0.8389,BUY,1,5,"EMA_12,BB_Upper,Volume_MA,ATR_14,EMA_26",EMA_12
TCS,TCS.NS,2022-10-04,2022,10,1,Bear,1,0.8921,BUY,1,1,0.8316,BUY,1,5,"EMA_12,BB_Upper,Volume_MA,ATR_14,EMA_26",EMA_12
TCS,TCS.NS,2022-10-06,2022,10,1,Sideways,1,0.909,BUY,1,1,0.8339,BUY,1,5,"EMA_12,BB_Upper,Volume_MA,ATR_14,EMA_26",EMA_12
TCS,TCS.NS,2022-10-07,2022,10,1,Sideways,1,0.9249,BUY,1,1,0.8413,BUY,1,5,"EMA_12,BB_Upper,Volume_MA,ATR_14,EMA_26",EMA_12
TCS,TCS.NS,2022-10-10,2022,10,1,Bear,1,0.8923,BUY,1,1,0.8399,BUY,1,5,"EMA_12,BB_Upper,Volume_MA,ATR_14,EMA_26",EMA_12
TCS,TCS.NS,2022-10-11,2022,10,1,Sideways,1,0.9583,BUY,1,1,0.8307,BUY,1,5,"EMA_12,BB_Upper,Volume_MA,ATR_14,EMA_26",EMA_12
TCS,TCS.NS,2022-10-12,2022,10,1,Bear,1,0.9262,BUY,1,1,0.8351,BUY,1,5,"EMA_12,BB_Upper,Volume_MA,ATR_14,EMA_26",EMA_12
TCS,TCS.NS,2022-10-13,2022,10,1,Bear,1,0.9194,BUY,1,1,0.8332,BUY,1,5,"EMA_12,BB_Upper,Volume_MA,ATR_14,EMA_26",EMA_12
TCS,TCS.NS,2022-10-14,2022,10,1,Bear,1,0.907,BUY,1,1,0.8248,BUY,1,5,"EMA_12,BB_Upper,Volume_MA,ATR_14,EMA_26",EMA_12
TCS,TCS.NS,2022-10-17,2022,10,1,Bear,1,0.8769,BUY,1,1,0.7875,BUY,1,5,"EMA_12,BB_Upper,Volume_MA,ATR_14,EMA_26",EMA_12
TCS,TCS.NS,2022-10-18,2022,10,1,Bear,1,0.7889,BUY,1,1,0.7263,BUY,1,5,"EMA_12,BB_Upper,Volume_MA,ATR_14,EMA_26",EMA_12
TCS,TCS.NS,2022-10-19,2022,10,1,Bear,1,0.8252,BUY,1,1,0.7367,BUY,1,5,"EMA_12,BB_Upper,Volume_MA,ATR_14,EMA_26",EMA_12
TCS,TCS.NS,2022-10-20,2022,10,1,Bear,1,0.803,BUY,1,1,0.7158,BUY,1,5,"EMA_12,BB_Upper,Volume_MA,ATR_14,EMA_26",EMA_12
TCS,TCS.NS,2022-10-21,2022,10,1,Bear,1,0.7824,BUY,1,1,0.6902,BUY,1,5,"EMA_12,BB_Upper,Volume_MA,ATR_14,EMA_26",EMA_12
TCS,TCS.NS,2022-10-24,2022,10,1,Bear,1,0.8009,BUY,1,-1,0.5191,NO TRADE,0,5,"EMA_12,BB_Upper,Volume_MA,ATR_14,EMA_26",EMA_12
TCS,TCS.NS,2022-10-25,2022,10,1,Bear,1,0.8429,BUY,1,1,0.5669,BUY,1,5,"EMA_12,BB_Upper,Volume_MA,ATR_14,EMA_26",EMA_12
TCS,TCS.NS,2022-10-27,2022,10,1,Bear,1,0.7972,BUY,1,1,0.5515,BUY,1,5,"EMA_12,BB_Upper,Volume_MA,ATR_14,EMA_26",EMA_12
TCS,TCS.NS,2022-10-28,2022,10,1,Bear,1,0.7686,BUY,1,1,0.5683,BUY,1,5,"EMA_12,BB_Upper,Volume_MA,ATR_14,EMA_26",EMA_12
TCS,TCS.NS,2022-10-31,2022,10,1,Bear,1,0.8015,BUY,1,1,0.5683,BUY,1,5,"EMA_12,BB_Upper,Volume_MA,ATR_14,EMA_26",EMA_12
TCS,TCS.NS,2022-11-01,2022,11,1,Bear,-1,0.5069,NO TRADE,0,1,0.5522,BUY,1,5,"EMA_12,SMA_10,EMA_26,BB_Width,Volume_MA",EMA_12
TCS,TCS.NS,2022-11-02,2022,11,1,Bear,0,0.6209,SELL,0,1,0.6139,BUY,1,5,"EMA_12,SMA_10,EMA_26,BB_Width,Volume_MA",EMA_12
TCS,TCS.NS,2022-11-03,2022,11,1,Bear,0,0.6137,SELL,0,0,0.5971,SELL,0,5,"EMA_12,SMA_10,EMA_26,BB_Width,Volume_MA",EMA_12
TCS,TCS.NS,2022-11-04,2022,11,1,Bear,0,0.6287,SELL,0,0,0.6235,SELL,0,5,"EMA_12,SMA_10,EMA_26,BB_Width,Volume_MA",EMA_12
TCS,TCS.NS,2022-11-07,2022,11,1,Sideways,0,0.606,SELL,0,0,0.5917,SELL,0,5,"EMA_12,SMA_10,EMA_26,BB_Width,Volume_MA",EMA_12
TCS,TCS.NS,2022-11-09,2022,11,1,Sideways,0,0.6325,SELL,0,0,0.6075,SELL,0,5,"EMA_12,SMA_10,EMA_26,BB_Width,Volume_MA",EMA_12
TCS,TCS.NS,2022-11-10,2022,11,1,Sideways,-1,0.5277,NO TRADE,0,0,0.6263,SELL,0,5,"EMA_12,SMA_10,EMA_26,BB_Width,Volume_MA",EMA_12
TCS,TCS.NS,2022-11-11,2022,11,0,Sideways,0,0.5731,SELL,1,0,0.6832,SELL,1,5,"EMA_12,SMA_10,EMA_26,BB_Width,Volume_MA",EMA_12
TCS,TCS.NS,2022-11-14,2022,11,0,Bull,0,0.6174,SELL,1,0,0.7821,SELL,1,5,"EMA_12,SMA_10,EMA_26,BB_Width,Volume_MA",EMA_12
TCS,TCS.NS,2022-11-15,2022,11,0,Bull,0,0.6824,SELL,1,0,0.7983,SELL,1,5,"EMA_12,SMA_10,EMA_26,BB_Width,Volume_MA",EMA_12
TCS,TCS.NS,2022-11-16,2022,11,1,Bull,0,0.6964,SELL,0,0,0.8951,SELL,0,5,"EMA_12,SMA_10,EMA_26,BB_Width,Volume_MA",EMA_12
TCS,TCS.NS,2022-11-17,2022,11,0,Bull,0,0.7263,SELL,1,0,0.9051,SELL,1,5,"EMA_12,SMA_10,EMA_26,BB_Width,Volume_MA",EMA_12
TCS,TCS.NS,2022-11-18,2022,11,0,Bull,0,0.7471,SELL,1,0,0.9008,SELL,1,5,"EMA_12,SMA_10,EMA_26,BB_Width,Volume_MA",EMA_12
TCS,TCS.NS,2022-11-21,2022,11,0,Bull,0,0.7766,SELL,1,0,0.8989,SELL,1,5,"EMA_12,SMA_10,EMA_26,BB_Width,Volume_MA",EMA_12
TCS,TCS.NS,2022-11-22,2022,11,0,Bull,0,0.7904,SELL,1,0,0.8891,SELL,1,5,"EMA_12,SMA_10,EMA_26,BB_Width,Volume_MA",EMA_12
TCS,TCS.NS,2022-11-23,2022,11,0,Bull,0,0.778,SELL,1,0,0.8883,SELL,1,5,"EMA_12,SMA_10,EMA_26,BB_Width,Volume_MA",EMA_12
TCS,TCS.NS,2022-11-24,2022,11,0,Bull,0,0.7881,SELL,1,0,0.8872,SELL,1,5,"EMA_12,SMA_10,EMA_26,BB_Width,Volume_MA",EMA_12
TCS,TCS.NS,2022-11-25,2022,11,0,Bull,0,0.7508,SELL,1,0,0.8882,SELL,1,5,"EMA_12,SMA_10,EMA_26,BB_Width,Volume_MA",EMA_12
TCS,TCS.NS,2022-11-28,2022,11,0,Bull,0,0.6859,SELL,1,0,0.8435,SELL,1,5,"EMA_12,SMA_10,EMA_26,BB_Width,Volume_MA",EMA_12
TCS,TCS.NS,2022-11-29,2022,11,0,Bull,0,0.6908,SELL,1,0,0.8519,SELL,1,5,"EMA_12,SMA_10,EMA_26,BB_Width,Volume_MA",EMA_12
TCS,TCS.NS,2022-11-30,2022,11,0,Bull,0,0.6801,SELL,1,0,0.8467,SELL,1,5,"EMA_12,SMA_10,EMA_26,BB_Width,Volume_MA",EMA_12
TCS,TCS.NS,2022-12-01,2022,12,0,Bull,0,0.7643,SELL,1,0,0.8961,SELL,1,5,"EMA_12,SMA_10,EMA_26,BB_Width,Volume_MA",EMA_12
TCS,TCS.NS,2022-12-02,2022,12,0,Bull,0,0.7984,SELL,1,0,0.8843,SELL,1,5,"EMA_12,SMA_10,EMA_26,BB_Width,Volume_MA",EMA_12
TCS,TCS.NS,2022-12-05,2022,12,0,Bull,0,0.8557,SELL,1,0,0.8621,SELL,1,5,"EMA_12,SMA_10,EMA_26,BB_Width,Volume_MA",EMA_12
TCS,TCS.NS,2022-12-06,2022,12,0,Bull,0,0.8391,SELL,1,0,0.7609,SELL,1,5,"EMA_12,SMA_10,EMA_26,BB_Width,Volume_MA",EMA_12
TCS,TCS.NS,2022-12-07,2022,12,0,Bull,0,0.8154,SELL,1,0,0.6531,SELL,1,5,"EMA_12,SMA_10,EMA_26,BB_Width,Volume_MA",EMA_12
TCS,TCS.NS,2022-12-08,2022,12,0,Bull,0,0.752,SELL,1,0,0.557,SELL,1,5,"EMA_12,SMA_10,EMA_26,BB_Width,Volume_MA",EMA_12
TCS,TCS.NS,2022-12-09,2022,12,0,Bull,0,0.6672,SELL,1,0,0.6046,SELL,1,5,"EMA_12,SMA_10,EMA_26,BB_Width,Volume_MA",EMA_12
TCS,TCS.NS,2022-12-12,2022,12,1,Bull,0,0.6011,SELL,0,0,0.6046,SELL,0,5,"EMA_12,SMA_10,EMA_26,BB_Width,Volume_MA",EMA_12
TCS,TCS.NS,2022-12-13,2022,12,0,Bull,0,0.6554,SELL,1,0,0.6046,SELL,1,5,"EMA_12,SMA_10,EMA_26,BB_Width,Volume_MA",EMA_12
TCS,TCS.NS,2022-12-14,2022,12,0,Bull,0,0.6432,SELL,1,0,0.6046,SELL,1,5,"EMA_12,SMA_10,EMA_26,BB_Width,Volume_MA",EMA_12
TCS,TCS.NS,2022-12-15,2022,12,1,Bull,0,0.7623,SELL,0,0,0.6592,SELL,0,5,"EMA_12,SMA_10,EMA_26,BB_Width,Volume_MA",EMA_12
TCS,TCS.NS,2022-12-16,2022,12,1,Bull,0,0.8099,SELL,0,0,0.7781,SELL,0,5,"EMA_12,SMA_10,EMA_26,BB_Width,Volume_MA",EMA_12
TCS,TCS.NS,2022-12-19,2022,12,1,Bull,0,0.8464,SELL,0,0,0.8405,SELL,0,5,"EMA_12,SMA_10,EMA_26,BB_Width,Volume_MA",EMA_12
TCS,TCS.NS,2022-12-20,2022,12,1,Bull,0,0.8683,SELL,0,0,0.8848,SELL,0,5,"EMA_12,SMA_10,EMA_26,BB_Width,Volume_MA",EMA_12
TCS,TCS.NS,2022-12-21,2022,12,1,Bull,0,0.8805,SELL,0,0,0.8655,SELL,0,5,"EMA_12,SMA_10,EMA_26,BB_Width,Volume_MA",EMA_12
TCS,TCS.NS,2022-12-22,2022,12,1,Bull,0,0.6441,SELL,0,0,0.869,SELL,0,5,"EMA_12,SMA_10,EMA_26,BB_Width,Volume_MA",EMA_12
TCS,TCS.NS,2022-12-23,2022,12,1,Bull,-1,0.5278,NO TRADE,0,0,0.8799,SELL,0,5,"EMA_12,SMA_10,EMA_26,BB_Width,Volume_MA",EMA_12
TCS,TCS.NS,2022-12-26,2022,12,1,Bull,0,0.6004,SELL,0,0,0.9144,SELL,0,5,"EMA_12,SMA_10,EMA_26,BB_Width,Volume_MA",EMA_12
TCS,TCS.NS,2022-12-27,2022,12,1,Bull,0,0.6173,SELL,0,0,0.9124,SELL,0,5,"EMA_12,SMA_10,EMA_26,BB_Width,Volume_MA",EMA_12
TCS,TCS.NS,2022-12-28,2022,12,1,Bull,0,0.6263,SELL,0,0,0.9138,SELL,0,5,"EMA_12,SMA_10,EMA_26,BB_Width,Volume_MA",EMA_12
TCS,TCS.NS,2022-12-29,2022,12,1,Bull,1,0.5814,BUY,1,0,0.8417,SELL,0,5,"EMA_12,SMA_10,EMA_26,BB_Width,Volume_MA",EMA_12
TCS,TCS.NS,2022-12-30,2022,12,1,Bull,1,0.5942,BUY,1,0,0.7722,SELL,0,5,"EMA_12,SMA_10,EMA_26,BB_Width,Volume_MA",EMA_12
TCS,TCS.NS,2023-01-02,2023,1,1,Bull,1,0.636,BUY,1,0,0.6509,SELL,0,5,"EMA_12,SMA_10,EMA_26,BB_Width,Volume_MA",EMA_12
TCS,TCS.NS,2023-01-03,2023,1,1,Bull,1,0.5957,BUY,1,0,0.6374,SELL,0,5,"EMA_12,SMA_10,EMA_26,BB_Width,Volume_MA",EMA_12
TCS,TCS.NS,2023-01-04,2023,1,1,Bull,1,0.6325,BUY,1,0,0.6238,SELL,0,5,"EMA_12,SMA_10,EMA_26,BB_Width,Volume_MA",EMA_12
TCS,TCS.NS,2023-01-05,2023,1,1,Bull,1,0.6973,BUY,1,0,0.6476,SELL,0,5,"EMA_12,SMA_10,EMA_26,BB_Width,Volume_MA",EMA_12
TCS,TCS.NS,2023-01-06,2023,1,1,Bull,1,0.6031,BUY,1,0,0.6299,SELL,0,5,"EMA_12,SMA_10,EMA_26,BB_Width,Volume_MA",EMA_12
TCS,TCS.NS,2023-01-09,2023,1,1,Sideways,1,0.5538,BUY,1,0,0.6238,SELL,0,5,"EMA_12,SMA_10,EMA_26,BB_Width,Volume_MA",EMA_12
TCS,TCS.NS,2023-01-10,2023,1,1,Bull,1,0.6447,BUY,1,0,0.6517,SELL,0,5,"EMA_12,SMA_10,EMA_26,BB_Width,Volume_MA",EMA_12
TCS,TCS.NS,2023-01-11,2023,1,1,Bull,1,0.667,BUY,1,-1,0.5165,NO TRADE,0,5,"EMA_12,SMA_10,EMA_26,BB_Width,Volume_MA",EMA_12
TCS,TCS.NS,2023-01-12,2023,1,1,Sideways,1,0.6653,BUY,1,0,0.6129,SELL,0,5,"EMA_12,SMA_10,EMA_26,BB_Width,Volume_MA",EMA_12
TCS,TCS.NS,2023-01-13,2023,1,1,Bull,1,0.607,BUY,1,0,0.6411,SELL,0,5,"EMA_12,SMA_10,EMA_26,BB_Width,Volume_MA",EMA_12
TCS,TCS.NS,2023-01-16,2023,1,1,Bull,1,0.5975,BUY,1,0,0.6534,SELL,0,5,"EMA_12,SMA_10,EMA_26,BB_Width,Volume_MA",EMA_12
TCS,TCS.NS,2023-01-17,2023,1,1,Bull,0,0.5582,SELL,0,0,0.7856,SELL,0,5,"EMA_12,SMA_10,EMA_26,BB_Width,Volume_MA",EMA_12
TCS,TCS.NS,2023-01-18,2023,1,1,Bull,0,0.7459,SELL,0,0,0.8762,SELL,0,5,"EMA_12,SMA_10,EMA_26,BB_Width,Volume_MA",EMA_12
TCS,TCS.NS,2023-01-19,2023,1,1,Bull,0,0.8332,SELL,0,0,0.8643,SELL,0,5,"EMA_12,SMA_10,EMA_26,BB_Width,Volume_MA",EMA_12
TCS,TCS.NS,2023-01-20,2023,1,1,Bull,0,0.8636,SELL,0,0,0.848,SELL,0,5,"EMA_12,SMA_10,EMA_26,BB_Width,Volume_MA",EMA_12
TCS,TCS.NS,2023-01-23,2023,1,1,Bull,0,0.8203,SELL,0,0,0.8204,SELL,0,5,"EMA_12,SMA_10,EMA_26,BB_Width,Volume_MA",EMA_12
TCS,TCS.NS,2023-01-24,2023,1,0,Bull,0,0.828,SELL,1,0,0.8118,SELL,1,5,"EMA_12,SMA_10,EMA_26,BB_Width,Volume_MA",EMA_12
TCS,TCS.NS,2023-01-25,2023,1,0,Bull,0,0.6548,SELL,1,-1,0.5299,NO TRADE,0,5,"EMA_26,EMA_12,SMA_50,Volume_MA,OBV",EMA_26
TCS,TCS.NS,2023-01-27,2023,1,0,Bull,0,0.5608,SELL,1,1,0.7686,BUY,0,5,"EMA_26,EMA_12,SMA_50,Volume_MA,OBV",EMA_26
TCS,TCS.NS,2023-01-30,2023,1,0,Bull,0,0.5683,SELL,1,1,0.7324,BUY,0,5,"EMA_26,EMA_12,SMA_50,Volume_MA,OBV",EMA_26
TCS,TCS.NS,2023-01-31,2023,1,0,Bull,0,0.6183,SELL,1,1,0.8492,BUY,0,5,"EMA_26,EMA_12,SMA_50,Volume_MA,OBV",EMA_26
TCS,TCS.NS,2023-02-01,2023,2,0,Bull,0,0.6213,SELL,1,1,0.8417,BUY,0,5,"EMA_26,EMA_12,SMA_50,Volume_MA,OBV",EMA_26
TCS,TCS.NS,2023-02-02,2023,2,0,Bull,0,0.6251,SELL,1,1,0.8396,BUY,0,5,"EMA_26,EMA_12,SMA_50,Volume_MA,OBV",EMA_26
TCS,TCS.NS,2023-02-03,2023,2,0,Bull,0,0.5871,SELL,1,1,0.8422,BUY,0,5,"EMA_26,EMA_12,SMA_50,Volume_MA,OBV",EMA_26
TCS,TCS.NS,2023-02-06,2023,2,0,Bull,0,0.6066,SELL,1,1,0.852,BUY,0,5,"EMA_26,EMA_12,SMA_50,Volume_MA,OBV",EMA_26
TCS,TCS.NS,2023-02-07,2023,2,0,Bull,-1,0.5417,NO TRADE,0,1,0.7726,BUY,0,5,"EMA_26,EMA_12,SMA_50,Volume_MA,OBV",EMA_26
TCS,TCS.NS,2023-02-08,2023,2,0,Bull,-1,0.5085,NO TRADE,0,1,0.7373,BUY,0,5,"EMA_26,EMA_12,SMA_50,Volume_MA,OBV",EMA_26
TCS,TCS.NS,2023-02-09,2023,2,0,Bull,-1,0.5012,NO TRADE,0,1,0.7449,BUY,0,5,"EMA_26,EMA_12,SMA_50,Volume_MA,OBV",EMA_26
TCS,TCS.NS,2023-02-10,2023,2,0,Bull,0,0.5565,SELL,1,1,0.7065,BUY,0,5,"EMA_26,EMA_12,SMA_50,Volume_MA,OBV",EMA_26
TCS,TCS.NS,2023-02-13,2023,2,0,Bull,0,0.637,SELL,1,1,0.6989,BUY,0,5,"EMA_26,EMA_12,SMA_50,Volume_MA,OBV",EMA_26
TCS,TCS.NS,2023-02-14,2023,2,0,Bull,0,0.5768,SELL,1,1,0.7071,BUY,0,5,"EMA_26,EMA_12,SMA_50,Volume_MA,OBV",EMA_26
TCS,TCS.NS,2023-02-15,2023,2,0,Bull,0,0.569,SELL,1,1,0.7044,BUY,0,5,"EMA_26,EMA_12,SMA_50,Volume_MA,OBV",EMA_26
TCS,TCS.NS,2023-02-16,2023,2,0,Bull,0,0.5826,SELL,1,-1,0.5363,NO TRADE,0,5,"EMA_26,EMA_12,SMA_50,Volume_MA,OBV",EMA_26
TCS,TCS.NS,2023-02-17,2023,2,0,Bull,0,0.6621,SELL,1,-1,0.5363,NO TRADE,0,5,"EMA_26,EMA_12,SMA_50,Volume_MA,OBV",EMA_26
TCS,TCS.NS,2023-02-20,2023,2,0,Bull,0,0.7094,SELL,1,-1,0.5167,NO TRADE,0,5,"EMA_26,EMA_12,SMA_50,Volume_MA,OBV",EMA_26
TCS,TCS.NS,2023-02-21,2023,2,0,Bull,0,0.6375,SELL,1,1,0.6723,BUY,0,5,"EMA_26,EMA_12,SMA_50,Volume_MA,OBV",EMA_26
TCS,TCS.NS,2023-02-22,2023,2,0,Bull,0,0.5635,SELL,1,1,0.6989,BUY,0,5,"EMA_26,EMA_12,SMA_50,Volume_MA,OBV",EMA_26
TCS,TCS.NS,2023-02-23,2023,2,0,Bull,0,0.5854,SELL,1,1,0.704,BUY,0,5,"EMA_26,EMA_12,SMA_50,Volume_MA,OBV",EMA_26
TCS,TCS.NS,2023-02-24,2023,2,0,Bull,0,0.5559,SELL,1,1,0.704,BUY,0,5,"EMA_26,EMA_12,SMA_50,Volume_MA,OBV",EMA_26
TCS,TCS.NS,2023-02-27,2023,2,0,Bull,1,0.5502,BUY,0,1,0.704,BUY,0,5,"EMA_26,EMA_12,SMA_50,Volume_MA,OBV",EMA_26
TCS,TCS.NS,2023-02-28,2023,2,0,Bull,1,0.6305,BUY,0,1,0.7074,BUY,0,5,"EMA_26,EMA_12,SMA_50,Volume_MA,OBV",EMA_26
TCS,TCS.NS,2023-03-01,2023,3,0,Bull,1,0.5681,BUY,0,1,0.704,BUY,0,5,"EMA_26,EMA_12,SMA_50,Volume_MA,OBV",EMA_26
TCS,TCS.NS,2023-03-02,2023,3,0,Bull,0,0.5753,SELL,1,1,0.7074,BUY,0,5,"EMA_26,EMA_12,SMA_50,Volume_MA,OBV",EMA_26
TCS,TCS.NS,2023-03-03,2023,3,0,Bull,1,0.6733,BUY,0,1,0.6945,BUY,0,5,"EMA_26,EMA_12,SMA_50,Volume_MA,OBV",EMA_26
TCS,TCS.NS,2023-03-06,2023,3,0,Bull,1,0.6947,BUY,0,1,0.6945,BUY,0,5,"EMA_26,EMA_12,SMA_50,Volume_MA,OBV",EMA_26
TCS,TCS.NS,2023-03-08,2023,3,0,Bull,1,0.7184,BUY,0,1,0.6945,BUY,0,5,"EMA_26,EMA_12,SMA_50,Volume_MA,OBV",EMA_26
TCS,TCS.NS,2023-03-09,2023,3,0,Bull,1,0.7972,BUY,0,1,0.689,BUY,0,5,"EMA_26,EMA_12,SMA_50,Volume_MA,OBV",EMA_26
TCS,TCS.NS,2023-03-10,2023,3,0,Bull,1,0.7941,BUY,0,1,0.689,BUY,0,5,"EMA_26,EMA_12,SMA_50,Volume_MA,OBV",EMA_26
TCS,TCS.NS,2023-03-13,2023,3,0,Bull,1,0.787,BUY,0,0,0.5563,SELL,1,5,"EMA_26,EMA_12,SMA_50,Volume_MA,OBV",EMA_26
TCS,TCS.NS,2023-03-14,2023,3,0,Bull,1,0.7167,BUY,0,0,0.563,SELL,1,5,"EMA_26,EMA_12,SMA_50,Volume_MA,OBV",EMA_26
TCS,TCS.NS,2023-03-15,2023,3,0,Sideways,1,0.7335,BUY,0,0,0.563,SELL,1,5,"EMA_26,EMA_12,SMA_50,Volume_MA,OBV",EMA_26
TCS,TCS.NS,2023-03-16,2023,3,0,Sideways,1,0.7616,BUY,0,-1,0.5409,NO TRADE,0,5,"EMA_26,EMA_12,SMA_50,Volume_MA,OBV",EMA_26
TCS,TCS.NS,2023-03-17,2023,3,0,Sideways,1,0.7341,BUY,0,-1,0.5043,NO TRADE,0,5,"EMA_26,EMA_12,SMA_50,Volume_MA,OBV",EMA_26
TCS,TCS.NS,2023-03-20,2023,3,1,Sideways,1,0.666,BUY,1,-1,0.512,NO TRADE,0,5,"EMA_26,EMA_12,SMA_50,Volume_MA,OBV",EMA_26
TCS,TCS.NS,2023-03-21,2023,3,1,Bear,1,0.5614,BUY,1,1,0.6351,BUY,1,5,"EMA_26,EMA_12,SMA_50,Volume_MA,OBV",EMA_26
TCS,TCS.NS,2023-03-22,2023,3,1,Sideways,-1,0.5261,NO TRADE,0,1,0.6795,BUY,1,5,"EMA_26,EMA_12,SMA_50,Volume_MA,OBV",EMA_26
TCS,TCS.NS,2023-03-23,2023,3,1,Bear,1,0.6963,BUY,1,1,0.6952,BUY,1,5,"EMA_26,EMA_12,SMA_50,Volume_MA,OBV",EMA_26
TCS,TCS.NS,2023-03-24,2023,3,1,Sideways,1,0.7156,BUY,1,1,0.6952,BUY,1,5,"EMA_26,EMA_12,SMA_50,Volume_MA,OBV",EMA_26
TCS,TCS.NS,2023-03-27,2023,3,1,Bear,1,0.726,BUY,1,1,0.6952,BUY,1,5,"EMA_26,EMA_12,SMA_50,Volume_MA,OBV",EMA_26
TCS,TCS.NS,2023-03-28,2023,3,1,Bear,1,0.742,BUY,1,1,0.7034,BUY,1,5,"EMA_26,EMA_12,SMA_50,Volume_MA,OBV",EMA_26
TCS,TCS.NS,2023-03-29,2023,3,1,Bear,1,0.7996,BUY,1,1,0.5882,BUY,1,5,"EMA_26,EMA_12,SMA_50,Volume_MA,OBV",EMA_26
TCS,TCS.NS,2023-03-31,2023,3,1,Bear,1,0.8125,BUY,1,1,0.5882,BUY,1,5,"EMA_26,EMA_12,SMA_50,Volume_MA,OBV",EMA_26
TCS,TCS.NS,2023-04-03,2023,4,1,Bear,1,0.8181,BUY,1,1,0.5882,BUY,1,5,"EMA_26,EMA_12,SMA_50,Volume_MA,OBV",EMA_26
TCS,TCS.NS,2023-04-05,2023,4,1,Bear,1,0.7944,BUY,1,1,0.6993,BUY,1,5,"EMA_26,EMA_12,SMA_50,Volume_MA,OBV",EMA_26
TCS,TCS.NS,2023-04-06,2023,4,1,Bear,1,0.8205,BUY,1,1,0.6993,BUY,1,5,"EMA_26,EMA_12,SMA_50,Volume_MA,OBV",EMA_26
TCS,TCS.NS,2023-04-10,2023,4,1,Bear,1,0.8215,BUY,1,1,0.7072,BUY,1,5,"EMA_26,EMA_12,SMA_50,Volume_MA,OBV",EMA_26
TCS,TCS.NS,2023-04-11,2023,4,1,Bear,1,0.8609,BUY,1,1,0.6883,BUY,1,5,"EMA_26,EMA_12,SMA_50,Volume_MA,OBV",EMA_26
TCS,TCS.NS,2023-04-12,2023,4,1,Bear,1,0.8633,BUY,1,1,0.5943,BUY,1,5,"EMA_26,EMA_12,SMA_50,Volume_MA,OBV",EMA_26
TCS,TCS.NS,2023-04-13,2023,4,1,Bear,1,0.9299,BUY,1,1,0.6018,BUY,1,5,"EMA_26,EMA_12,SMA_50,Volume_MA,OBV",EMA_26
TCS,TCS.NS,2023-04-17,2023,4,1,Bear,1,0.9166,BUY,1,-1,0.523,NO TRADE,0,5,"EMA_26,EMA_12,SMA_50,Volume_MA,OBV",EMA_26
TCS,TCS.NS,2023-04-18,2023,4,1,Bear,1,0.8958,BUY,1,-1,0.536,NO TRADE,0,5,"EMA_26,EMA_12,SMA_50,Volume_MA,OBV",EMA_26
TCS,TCS.NS,2023-04-19,2023,4,1,Bear,1,0.8826,BUY,1,-1,0.5471,NO TRADE,0,5,"EMA_26,EMA_12,SMA_50,Volume_MA,OBV",EMA_26
TCS,TCS.NS,2023-04-20,2023,4,1,Bear,1,0.8699,BUY,1,-1,0.532,NO TRADE,0,5,"EMA_26,EMA_12,SMA_50,Volume_MA,OBV",EMA_26
TCS,TCS.NS,2023-04-21,2023,4,1,Bear,1,0.9018,BUY,1,1,0.6031,BUY,1,5,"EMA_26,EMA_12,SMA_50,Volume_MA,OBV",EMA_26
TCS,TCS.NS,2023-04-24,2023,4,1,Bear,1,0.9168,BUY,1,1,0.6031,BUY,1,5,"EMA_26,EMA_12,SMA_50,Volume_MA,OBV",EMA_26
TCS,TCS.NS,2023-04-25,2023,4,1,Bear,1,0.8981,BUY,1,1,0.5629,BUY,1,5,"EMA_26,EMA_12,SMA_50,Volume_MA,OBV",EMA_26
TCS,TCS.NS,2023-04-26,2023,4,1,Bear,1,0.887,BUY,1,1,0.5803,BUY,1,5,"EMA_26,EMA_12,SMA_50,Volume_MA,OBV",EMA_26
TCS,TCS.NS,2023-04-27,2023,4,1,Bear,1,0.918,BUY,1,1,0.8333,BUY,1,5,"OBV,SMA_10,EMA_26,CCI,Rolling_Volatility",OBV
TCS,TCS.NS,2023-04-28,2023,4,1,Bear,1,0.9387,BUY,1,1,0.8181,BUY,1,5,"OBV,SMA_10,EMA_26,CCI,Rolling_Volatility",OBV
TCS,TCS.NS,2023-05-02,2023,5,1,Bear,1,0.9009,BUY,1,1,0.813,BUY,1,5,"OBV,SMA_10,EMA_26,CCI,Rolling_Volatility",OBV
TCS,TCS.NS,2023-05-03,2023,5,1,Bear,1,0.9458,BUY,1,1,0.8142,BUY,1,5,"OBV,SMA_10,EMA_26,CCI,Rolling_Volatility",OBV
TCS,TCS.NS,2023-05-04,2023,5,1,Bear,1,0.9027,BUY,1,1,0.8271,BUY,1,5,"OBV,SMA_10,EMA_26,CCI,Rolling_Volatility",OBV
TCS,TCS.NS,2023-05-05,2023,5,1,Bear,1,0.9155,BUY,1,1,0.8167,BUY,1,5,"OBV,SMA_10,EMA_26,CCI,Rolling_Volatility",OBV
TCS,TCS.NS,2023-05-08,2023,5,1,Bear,1,0.9065,BUY,1,1,0.8156,BUY,1,5,"OBV,SMA_10,EMA_26,CCI,Rolling_Volatility",OBV
TCS,TCS.NS,2023-05-09,2023,5,0,Bear,1,0.8836,BUY,0,1,0.7716,BUY,0,5,"OBV,SMA_10,EMA_26,CCI,Rolling_Volatility",OBV
TCS,TCS.NS,2023-05-10,2023,5,0,Bear,1,0.8262,BUY,0,1,0.7292,BUY,0,5,"OBV,SMA_10,EMA_26,CCI,Rolling_Volatility",OBV
TCS,TCS.NS,2023-05-11,2023,5,0,Bear,1,0.7901,BUY,0,1,0.7079,BUY,0,5,"OBV,SMA_10,EMA_26,CCI,Rolling_Volatility",OBV
TCS,TCS.NS,2023-05-12,2023,5,0,Bear,1,0.7807,BUY,0,1,0.7728,BUY,0,5,"OBV,SMA_10,EMA_26,CCI,Rolling_Volatility",OBV
TCS,TCS.NS,2023-05-15,2023,5,0,Bear,1,0.8506,BUY,0,1,0.8284,BUY,0,5,"OBV,SMA_10,EMA_26,CCI,Rolling_Volatility",OBV
TCS,TCS.NS,2023-05-16,2023,5,0,Bear,1,0.8773,BUY,0,1,0.8511,BUY,0,5,"OBV,SMA_10,EMA_26,CCI,Rolling_Volatility",OBV
TCS,TCS.NS,2023-05-17,2023,5,1,Sideways,1,0.8933,BUY,1,1,0.8329,BUY,1,5,"OBV,SMA_10,EMA_26,CCI,Rolling_Volatility",OBV
TCS,TCS.NS,2023-05-18,2023,5,1,Bear,1,0.919,BUY,1,1,0.8592,BUY,1,5,"OBV,SMA_10,EMA_26,CCI,Rolling_Volatility",OBV
TCS,TCS.NS,2023-05-19,2023,5,0,Bear,1,0.8907,BUY,0,1,0.8592,BUY,0,5,"OBV,SMA_10,EMA_26,CCI,Rolling_Volatility",OBV
TCS,TCS.NS,2023-05-22,2023,5,0,Bear,1,0.8255,BUY,0,1,0.8295,BUY,0,5,"OBV,SMA_10,EMA_26,CCI,Rolling_Volatility",OBV
TCS,TCS.NS,2023-05-23,2023,5,0,Sideways,1,0.8553,BUY,0,1,0.8484,BUY,0,5,"OBV,SMA_10,EMA_26,CCI,Rolling_Volatility",OBV
TCS,TCS.NS,2023-05-24,2023,5,0,Sideways,1,0.7306,BUY,0,1,0.8873,BUY,0,5,"OBV,SMA_10,EMA_26,CCI,Rolling_Volatility",OBV
TCS,TCS.NS,2023-05-25,2023,5,0,Sideways,1,0.6777,BUY,0,1,0.8832,BUY,0,5,"OBV,SMA_10,EMA_26,CCI,Rolling_Volatility",OBV
TCS,TCS.NS,2023-05-26,2023,5,0,Sideways,1,0.6235,BUY,0,1,0.8798,BUY,0,5,"OBV,SMA_10,EMA_26,CCI,Rolling_Volatility",OBV
TCS,TCS.NS,2023-05-29,2023,5,0,Sideways,-1,0.5227,NO TRADE,0,1,0.8,BUY,0,5,"OBV,SMA_10,EMA_26,CCI,Rolling_Volatility",OBV
TCS,TCS.NS,2023-05-30,2023,5,0,Sideways,-1,0.5434,NO TRADE,0,1,0.7645,BUY,0,5,"OBV,SMA_10,EMA_26,CCI,Rolling_Volatility",OBV
TCS,TCS.NS,2023-05-31,2023,5,0,Bull,-1,0.5192,NO TRADE,0,1,0.7754,BUY,0,5,"OBV,SMA_10,EMA_26,CCI,Rolling_Volatility",OBV
TCS,TCS.NS,2023-06-01,2023,6,1,Bull,-1,0.5216,NO TRADE,0,1,0.7892,BUY,1,5,"OBV,SMA_10,EMA_26,CCI,Rolling_Volatility",OBV
TCS,TCS.NS,2023-06-02,2023,6,0,Bull,-1,0.5041,NO TRADE,0,1,0.7682,BUY,0,5,"OBV,SMA_10,EMA_26,CCI,Rolling_Volatility",OBV
TCS,TCS.NS,2023-06-05,2023,6,1,Bull,1,0.6069,BUY,1,1,0.7739,BUY,1,5,"OBV,SMA_10,EMA_26,CCI,Rolling_Volatility",OBV
TCS,TCS.NS,2023-06-06,2023,6,1,Bull,1,0.7114,BUY,1,1,0.7607,BUY,1,5,"OBV,SMA_10,EMA_26,CCI,Rolling_Volatility",OBV
TCS,TCS.NS,2023-06-07,2023,6,1,Bull,1,0.6053,BUY,1,1,0.7598,BUY,1,5,"OBV,SMA_10,EMA_26,CCI,Rolling_Volatility",OBV
TCS,TCS.NS,2023-06-08,2023,6,1,Bull,1,0.6137,BUY,1,1,0.7578,BUY,1,5,"OBV,SMA_10,EMA_26,CCI,Rolling_Volatility",OBV
TCS,TCS.NS,2023-06-09,2023,6,1,Bull,1,0.6987,BUY,1,1,0.7612,BUY,1,5,"OBV,SMA_10,EMA_26,CCI,Rolling_Volatility",OBV
TCS,TCS.NS,2023-06-12,2023,6,1,Bull,1,0.7294,BUY,1,1,0.6878,BUY,1,5,"OBV,SMA_10,EMA_26,CCI,Rolling_Volatility",OBV
TCS,TCS.NS,2023-06-13,2023,6,1,Bull,1,0.7737,BUY,1,1,0.7521,BUY,1,5,"OBV,SMA_10,EMA_26,CCI,Rolling_Volatility",OBV
TCS,TCS.NS,2023-06-14,2023,6,1,Bull,1,0.7331,BUY,1,1,0.7005,BUY,1,5,"OBV,SMA_10,EMA_26,CCI,Rolling_Volatility",OBV
TCS,TCS.NS,2023-06-15,2023,6,1,Bull,1,0.8269,BUY,1,1,0.7302,BUY,1,5,"OBV,SMA_10,EMA_26,CCI,Rolling_Volatility",OBV
TCS,TCS.NS,2023-06-16,2023,6,1,Sideways,1,0.8331,BUY,1,1,0.7745,BUY,1,5,"OBV,SMA_10,EMA_26,CCI,Rolling_Volatility",OBV
TCS,TCS.NS,2023-06-19,2023,6,1,Sideways,1,0.8921,BUY,1,1,0.8429,BUY,1,5,"OBV,SMA_10,EMA_26,CCI,Rolling_Volatility",OBV
TCS,TCS.NS,2023-06-20,2023,6,1,Sideways,1,0.8545,BUY,1,1,0.8942,BUY,1,5,"OBV,SMA_10,EMA_26,CCI,Rolling_Volatility",OBV
TCS,TCS.NS,2023-06-21,2023,6,1,Sideways,1,0.8374,BUY,1,1,0.8743,BUY,1,5,"OBV,SMA_10,EMA_26,CCI,Rolling_Volatility",OBV
TCS,TCS.NS,2023-06-22,2023,6,1,Sideways,1,0.8545,BUY,1,1,0.8636,BUY,1,5,"OBV,SMA_10,EMA_26,CCI,Rolling_Volatility",OBV
TCS,TCS.NS,2023-06-23,2023,6,1,Sideways,1,0.8951,BUY,1,1,0.8726,BUY,1,5,"OBV,SMA_10,EMA_26,CCI,Rolling_Volatility",OBV
TCS,TCS.NS,2023-06-26,2023,6,1,Sideways,1,0.8892,BUY,1,1,0.8668,BUY,1,5,"OBV,SMA_10,EMA_26,CCI,Rolling_Volatility",OBV
TCS,TCS.NS,2023-06-27,2023,6,1,Sideways,1,0.8345,BUY,1,1,0.8687,BUY,1,5,"OBV,SMA_10,EMA_26,CCI,Rolling_Volatility",OBV
TCS,TCS.NS,2023-06-28,2023,6,1,Bull,1,0.8304,BUY,1,1,0.8687,BUY,1,5,"OBV,SMA_10,EMA_26,CCI,Rolling_Volatility",OBV
TCS,TCS.NS,2023-06-30,2023,6,1,Bull,1,0.7804,BUY,1,1,0.8519,BUY,1,5,"OBV,SMA_10,EMA_26,CCI,Rolling_Volatility",OBV
TCS,TCS.NS,2023-07-03,2023,7,1,Bull,1,0.8412,BUY,1,1,0.8319,BUY,1,5,"OBV,SMA_10,EMA_26,CCI,Rolling_Volatility",OBV
TCS,TCS.NS,2023-07-04,2023,7,1,Bull,1,0.8089,BUY,1,1,0.7218,BUY,1,5,"OBV,SMA_10,EMA_26,CCI,Rolling_Volatility",OBV
TCS,TCS.NS,2023-07-05,2023,7,1,Bull,1,0.7165,BUY,1,1,0.6206,BUY,1,5,"OBV,SMA_10,EMA_26,CCI,Rolling_Volatility",OBV
TCS,TCS.NS,2023-07-06,2023,7,1,Bull,1,0.6298,BUY,1,1,0.607,BUY,1,5,"OBV,SMA_10,EMA_26,CCI,Rolling_Volatility",OBV
TCS,TCS.NS,2023-07-07,2023,7,1,Bull,-1,0.5458,NO TRADE,0,1,0.6253,BUY,1,5,"OBV,SMA_10,EMA_26,CCI,Rolling_Volatility",OBV
TCS,TCS.NS,2023-07-10,2023,7,1,Bull,1,0.5902,BUY,1,1,0.6147,BUY,1,5,"OBV,SMA_10,EMA_26,CCI,Rolling_Volatility",OBV
TCS,TCS.NS,2023-07-11,2023,7,1,Bull,-1,0.5301,NO TRADE,0,1,0.6169,BUY,1,5,"OBV,SMA_10,EMA_26,CCI,Rolling_Volatility",OBV
TCS,TCS.NS,2023-07-12,2023,7,1,Bull,1,0.5889,BUY,1,1,0.6103,BUY,1,5,"OBV,SMA_10,EMA_26,CCI,Rolling_Volatility",OBV
TCS,TCS.NS,2023-07-13,2023,7,1,Sideways,0,0.6032,SELL,0,1,0.6099,BUY,1,5,"OBV,SMA_10,EMA_26,CCI,Rolling_Volatility",OBV
TCS,TCS.NS,2023-07-14,2023,7,0,Bull,0,0.8288,SELL,1,1,0.61,BUY,0,5,"OBV,SMA_10,EMA_26,CCI,Rolling_Volatility",OBV
TCS,TCS.NS,2023-07-17,2023,7,0,Bull,0,0.7747,SELL,1,1,0.6055,BUY,0,5,"OBV,SMA_10,EMA_26,CCI,Rolling_Volatility",OBV
TCS,TCS.NS,2023-07-18,2023,7,0,Bull,0,0.811,SELL,1,1,0.6043,BUY,0,5,"OBV,SMA_10,EMA_26,CCI,Rolling_Volatility",OBV
TCS,TCS.NS,2023-07-19,2023,7,0,Bull,0,0.8584,SELL,1,1,0.6052,BUY,0,5,"OBV,SMA_10,EMA_26,CCI,Rolling_Volatility",OBV
TCS,TCS.NS,2023-07-20,2023,7,0,Bull,0,0.8614,SELL,1,1,0.6319,BUY,0,5,"OBV,SMA_10,EMA_26,CCI,Rolling_Volatility",OBV
TCS,TCS.NS,2023-07-21,2023,7,1,Bull,0,0.7841,SELL,0,1,0.5808,BUY,1,5,"OBV,SMA_10,EMA_26,CCI,Rolling_Volatility",OBV
TCS,TCS.NS,2023-07-24,2023,7,0,Bull,0,0.8523,SELL,1,0,0.6455,SELL,1,5,"MACD_Hist,EMA_26,OBV,RSI_14,BB_Width",MACD_Hist
TCS,TCS.NS,2023-07-25,2023,7,0,Bull,0,0.8673,SELL,1,0,0.7533,SELL,1,5,"MACD_Hist,EMA_26,OBV,RSI_14,BB_Width",MACD_Hist
TCS,TCS.NS,2023-07-26,2023,7,0,Bull,0,0.8799,SELL,1,0,0.7332,SELL,1,5,"MACD_Hist,EMA_26,OBV,RSI_14,BB_Width",MACD_Hist
TCS,TCS.NS,2023-07-27,2023,7,0,Bull,0,0.8701,SELL,1,0,0.7904,SELL,1,5,"MACD_Hist,EMA_26,OBV,RSI_14,BB_Width",MACD_Hist
TCS,TCS.NS,2023-07-28,2023,7,1,Bull,0,0.781,SELL,0,0,0.6076,SELL,0,5,"MACD_Hist,EMA_26,OBV,RSI_14,BB_Width",MACD_Hist
TCS,TCS.NS,2023-07-31,2023,7,0,Bull,0,0.8236,SELL,1,0,0.8177,SELL,1,5,"MACD_Hist,EMA_26,OBV,RSI_14,BB_Width",MACD_Hist
TCS,TCS.NS,2023-08-01,2023,8,0,Bull,0,0.8334,SELL,1,0,0.832,SELL,1,5,"MACD_Hist,EMA_26,OBV,RSI_14,BB_Width",MACD_Hist
TCS,TCS.NS,2023-08-02,2023,8,0,Bull,0,0.8458,SELL,1,0,0.8182,SELL,1,5,"MACD_Hist,EMA_26,OBV,RSI_14,BB_Width",MACD_Hist
TCS,TCS.NS,2023-08-03,2023,8,0,Bull,0,0.8021,SELL,1,0,0.6916,SELL,1,5,"MACD_Hist,EMA_26,OBV,RSI_14,BB_Width",MACD_Hist
TCS,TCS.NS,2023-08-04,2023,8,0,Bull,0,0.7803,SELL,1,0,0.8196,SELL,1,5,"MACD_Hist,EMA_26,OBV,RSI_14,BB_Width",MACD_Hist
TCS,TCS.NS,2023-08-07,2023,8,0,Bull,0,0.8537,SELL,1,0,0.809,SELL,1,5,"MACD_Hist,EMA_26,OBV,RSI_14,BB_Width",MACD_Hist
TCS,TCS.NS,2023-08-08,2023,8,0,Bull,0,0.9119,SELL,1,0,0.7619,SELL,1,5,"MACD_Hist,EMA_26,OBV,RSI_14,BB_Width",MACD_Hist
TCS,TCS.NS,2023-08-09,2023,8,0,Bull,0,0.8946,SELL,1,0,0.6523,SELL,1,5,"MACD_Hist,EMA_26,OBV,RSI_14,BB_Width",MACD_Hist
TCS,TCS.NS,2023-08-10,2023,8,0,Bull,0,0.8828,SELL,1,-1,0.5245,NO TRADE,0,5,"MACD_Hist,EMA_26,OBV,RSI_14,BB_Width",MACD_Hist
TCS,TCS.NS,2023-08-11,2023,8,1,Bull,0,0.8518,SELL,0,0,0.6987,SELL,0,5,"MACD_Hist,EMA_26,OBV,RSI_14,BB_Width",MACD_Hist
TCS,TCS.NS,2023-08-14,2023,8,1,Bull,0,0.7563,SELL,0,0,0.6129,SELL,0,5,"MACD_Hist,EMA_26,OBV,RSI_14,BB_Width",MACD_Hist
TCS,TCS.NS,2023-08-16,2023,8,1,Bull,0,0.7403,SELL,0,0,0.5541,SELL,0,5,"MACD_Hist,EMA_26,OBV,RSI_14,BB_Width",MACD_Hist
TCS,TCS.NS,2023-08-17,2023,8,1,Bull,0,0.6422,SELL,0,-1,0.5363,NO TRADE,0,5,"MACD_Hist,EMA_26,OBV,RSI_14,BB_Width",MACD_Hist
TCS,TCS.NS,2023-08-18,2023,8,1,Bull,0,0.564,SELL,0,1,0.7633,BUY,1,5,"MACD_Hist,EMA_26,OBV,RSI_14,BB_Width",MACD_Hist
TCS,TCS.NS,2023-08-21,2023,8,1,Bull,0,0.6127,SELL,0,1,0.6556,BUY,1,5,"MACD_Hist,EMA_26,OBV,RSI_14,BB_Width",MACD_Hist
TCS,TCS.NS,2023-08-22,2023,8,1,Bull,-1,0.5342,NO TRADE,0,1,0.7801,BUY,1,5,"MACD_Hist,EMA_26,OBV,RSI_14,BB_Width",MACD_Hist
TCS,TCS.NS,2023-08-23,2023,8,1,Bull,0,0.6047,SELL,0,1,0.6909,BUY,1,5,"MACD_Hist,EMA_26,OBV,RSI_14,BB_Width",MACD_Hist
TCS,TCS.NS,2023-08-24,2023,8,1,Bull,0,0.5813,SELL,0,1,0.796,BUY,1,5,"MACD_Hist,EMA_26,OBV,RSI_14,BB_Width",MACD_Hist
TCS,TCS.NS,2023-08-25,2023,8,1,Bull,0,0.5543,SELL,0,1,0.8114,BUY,1,5,"MACD_Hist,EMA_26,OBV,RSI_14,BB_Width",MACD_Hist
TCS,TCS.NS,2023-08-28,2023,8,1,Bull,0,0.6644,SELL,0,1,0.8184,BUY,1,5,"MACD_Hist,EMA_26,OBV,RSI_14,BB_Width",MACD_Hist
TCS,TCS.NS,2023-08-29,2023,8,1,Bull,0,0.6302,SELL,0,1,0.8455,BUY,1,5,"MACD_Hist,EMA_26,OBV,RSI_14,BB_Width",MACD_Hist
TCS,TCS.NS,2023-08-30,2023,8,1,Bull,0,0.5979,SELL,0,1,0.8508,BUY,1,5,"MACD_Hist,EMA_26,OBV,RSI_14,BB_Width",MACD_Hist
TCS,TCS.NS,2023-08-31,2023,8,1,Bull,-1,0.5364,NO TRADE,0,1,0.8049,BUY,1,5,"MACD_Hist,EMA_26,OBV,RSI_14,BB_Width",MACD_Hist
TCS,TCS.NS,2023-09-01,2023,9,1,Bull,0,0.5601,SELL,0,1,0.7958,BUY,1,5,"MACD_Hist,EMA_26,OBV,RSI_14,BB_Width",MACD_Hist
TCS,TCS.NS,2023-09-04,2023,9,1,Bull,0,0.5509,SELL,0,1,0.7615,BUY,1,5,"MACD_Hist,EMA_26,OBV,RSI_14,BB_Width",MACD_Hist
TCS,TCS.NS,2023-09-05,2023,9,1,Bull,-1,0.5482,NO TRADE,0,1,0.7279,BUY,1,5,"MACD_Hist,EMA_26,OBV,RSI_14,BB_Width",MACD_Hist
TCS,TCS.NS,2023-09-06,2023,9,1,Bull,0,0.5627,SELL,0,1,0.7009,BUY,1,5,"MACD_Hist,EMA_26,OBV,RSI_14,BB_Width",MACD_Hist
TCS,TCS.NS,2023-09-07,2023,9,1,Bull,-1,0.536,NO TRADE,0,1,0.6965,BUY,1,5,"MACD_Hist,EMA_26,OBV,RSI_14,BB_Width",MACD_Hist
TCS,TCS.NS,2023-09-08,2023,9,1,Bull,-1,0.5352,NO TRADE,0,1,0.699,BUY,1,5,"MACD_Hist,EMA_26,OBV,RSI_14,BB_Width",MACD_Hist
TCS,TCS.NS,2023-09-11,2023,9,1,Bull,1,0.5961,BUY,1,1,0.7027,BUY,1,5,"MACD_Hist,EMA_26,OBV,RSI_14,BB_Width",MACD_Hist
TCS,TCS.NS,2023-09-12,2023,9,0,Bull,0,0.7299,SELL,1,1,0.6307,BUY,0,5,"MACD_Hist,EMA_26,OBV,RSI_14,BB_Width",MACD_Hist
TCS,TCS.NS,2023-09-13,2023,9,1,Bull,0,0.7364,SELL,0,0,0.5853,SELL,0,5,"MACD_Hist,EMA_26,OBV,RSI_14,BB_Width",MACD_Hist
TCS,TCS.NS,2023-09-14,2023,9,0,Bull,0,0.7804,SELL,1,0,0.7217,SELL,1,5,"MACD_Hist,EMA_26,OBV,RSI_14,BB_Width",MACD_Hist
TCS,TCS.NS,2023-09-15,2023,9,0,Bull,0,0.8041,SELL,1,0,0.83,SELL,1,5,"MACD_Hist,EMA_26,OBV,RSI_14,BB_Width",MACD_Hist
TCS,TCS.NS,2023-09-18,2023,9,0,Bull,0,0.8476,SELL,1,0,0.8337,SELL,1,5,"MACD_Hist,EMA_26,OBV,RSI_14,BB_Width",MACD_Hist
TCS,TCS.NS,2023-09-20,2023,9,0,Bull,0,0.8387,SELL,1,0,0.8559,SELL,1,5,"MACD_Hist,EMA_26,OBV,RSI_14,BB_Width",MACD_Hist
TCS,TCS.NS,2023-09-21,2023,9,0,Bull,0,0.8711,SELL,1,0,0.8897,SELL,1,5,"MACD_Hist,EMA_26,OBV,RSI_14,BB_Width",MACD_Hist
TCS,TCS.NS,2023-09-22,2023,9,0,Bull,0,0.8681,SELL,1,0,0.8905,SELL,1,5,"MACD_Hist,EMA_26,OBV,RSI_14,BB_Width",MACD_Hist
TCS,TCS.NS,2023-09-25,2023,9,0,Bull,0,0.9253,SELL,1,0,0.8971,SELL,1,5,"MACD_Hist,EMA_26,OBV,RSI_14,BB_Width",MACD_Hist
TCS,TCS.NS,2023-09-26,2023,9,0,Bull,0,0.8846,SELL,1,0,0.8833,SELL,1,5,"MACD_Hist,EMA_26,OBV,RSI_14,BB_Width",MACD_Hist
TCS,TCS.NS,2023-09-27,2023,9,0,Sideways,0,0.8808,SELL,1,0,0.8806,SELL,1,5,"MACD_Hist,EMA_26,OBV,RSI_14,BB_Width",MACD_Hist
TCS,TCS.NS,2023-09-28,2023,9,0,Bull,0,0.9111,SELL,1,0,0.8823,SELL,1,5,"MACD_Hist,EMA_26,OBV,RSI_14,BB_Width",MACD_Hist
TCS,TCS.NS,2023-09-29,2023,9,0,Sideways,0,0.918,SELL,1,0,0.8854,SELL,1,5,"MACD_Hist,EMA_26,OBV,RSI_14,BB_Width",MACD_Hist
TCS,TCS.NS,2023-10-03,2023,10,0,Sideways,0,0.8768,SELL,1,0,0.8608,SELL,1,5,"MACD_Hist,EMA_26,OBV,RSI_14,BB_Width",MACD_Hist
TCS,TCS.NS,2023-10-04,2023,10,0,Sideways,0,0.8612,SELL,1,0,0.8684,SELL,1,5,"MACD_Hist,EMA_26,OBV,RSI_14,BB_Width",MACD_Hist
TCS,TCS.NS,2023-10-05,2023,10,0,Bull,0,0.8825,SELL,1,0,0.8859,SELL,1,5,"MACD_Hist,EMA_26,OBV,RSI_14,BB_Width",MACD_Hist
TCS,TCS.NS,2023-10-06,2023,10,0,Bull,0,0.8526,SELL,1,0,0.8329,SELL,1,5,"MACD_Hist,EMA_26,OBV,RSI_14,BB_Width",MACD_Hist
TCS,TCS.NS,2023-10-09,2023,10,0,Bull,0,0.8798,SELL,1,0,0.8693,SELL,1,5,"MACD_Hist,EMA_26,OBV,RSI_14,BB_Width",MACD_Hist
TCS,TCS.NS,2023-10-10,2023,10,0,Bull,0,0.8789,SELL,1,0,0.8112,SELL,1,5,"MACD_Hist,EMA_26,OBV,RSI_14,BB_Width",MACD_Hist
TCS,TCS.NS,2023-10-11,2023,10,0,Bull,0,0.8912,SELL,1,0,0.8012,SELL,1,5,"MACD_Hist,EMA_26,OBV,RSI_14,BB_Width",MACD_Hist
TCS,TCS.NS,2023-10-12,2023,10,0,Bull,0,0.7412,SELL,1,0,0.7412,SELL,1,5,"MACD_Hist,EMA_26,OBV,RSI_14,BB_Width",MACD_Hist
TCS,TCS.NS,2023-10-13,2023,10,0,Bull,0,0.7507,SELL,1,0,0.7634,SELL,1,5,"MACD_Hist,EMA_26,OBV,RSI_14,BB_Width",MACD_Hist
TCS,TCS.NS,2023-10-16,2023,10,0,Bull,0,0.8014,SELL,1,0,0.6548,SELL,1,5,"MACD_Hist,EMA_26,OBV,RSI_14,BB_Width",MACD_Hist
TCS,TCS.NS,2023-10-17,2023,10,0,Bull,0,0.7485,SELL,1,0,0.6967,SELL,1,5,"MACD_Hist,EMA_26,OBV,RSI_14,BB_Width",MACD_Hist
TCS,TCS.NS,2023-10-18,2023,10,1,Bull,0,0.7097,SELL,0,0,0.7804,SELL,0,5,"MACD_Hist,EMA_26,OBV,RSI_14,BB_Width",MACD_Hist
TCS,TCS.NS,2023-10-19,2023,10,1,Sideways,0,0.7295,SELL,0,0,0.7566,SELL,0,5,"MACD_Hist,MACD,SMA_10,OBV,ADX",MACD_Hist
TCS,TCS.NS,2023-10-20,2023,10,1,Sideways,0,0.7185,SELL,0,0,0.7315,SELL,0,5,"MACD_Hist,MACD,SMA_10,OBV,ADX",MACD_Hist
TCS,TCS.NS,2023-10-23,2023,10,1,Sideways,0,0.7381,SELL,0,0,0.7096,SELL,0,5,"MACD_Hist,MACD,SMA_10,OBV,ADX",MACD_Hist
TCS,TCS.NS,2023-10-25,2023,10,1,Sideways,0,0.7595,SELL,0,0,0.6873,SELL,0,5,"MACD_Hist,MACD,SMA_10,OBV,ADX",MACD_Hist
TCS,TCS.NS,2023-10-26,2023,10,1,Sideways,0,0.7612,SELL,0,0,0.6065,SELL,0,5,"MACD_Hist,MACD,SMA_10,OBV,ADX",MACD_Hist
TCS,TCS.NS,2023-10-27,2023,10,1,Bear,0,0.6357,SELL,0,0,0.6034,SELL,0,5,"MACD_Hist,MACD,SMA_10,OBV,ADX",MACD_Hist
TCS,TCS.NS,2023-10-30,2023,10,1,Sideways,0,0.5733,SELL,0,-1,0.5049,NO TRADE,0,5,"MACD_Hist,MACD,SMA_10,OBV,ADX",MACD_Hist
TCS,TCS.NS,2023-10-31,2023,10,1,Sideways,-1,0.5131,NO TRADE,0,1,0.5555,BUY,1,5,"MACD_Hist,MACD,SMA_10,OBV,ADX",MACD_Hist
TCS,TCS.NS,2023-11-01,2023,11,1,Sideways,1,0.5738,BUY,1,1,0.7493,BUY,1,5,"MACD_Hist,MACD,SMA_10,OBV,ADX",MACD_Hist
TCS,TCS.NS,2023-11-02,2023,11,1,Sideways,1,0.6462,BUY,1,1,0.8182,BUY,1,5,"MACD_Hist,MACD,SMA_10,OBV,ADX",MACD_Hist
TCS,TCS.NS,2023-11-03,2023,11,1,Sideways,1,0.7467,BUY,1,1,0.9018,BUY,1,5,"MACD_Hist,MACD,SMA_10,OBV,ADX",MACD_Hist
TCS,TCS.NS,2023-11-06,2023,11,1,Sideways,1,0.8654,BUY,1,1,0.918,BUY,1,5,"MACD_Hist,MACD,SMA_10,OBV,ADX",MACD_Hist
TCS,TCS.NS,2023-11-07,2023,11,1,Sideways,1,0.8506,BUY,1,1,0.9251,BUY,1,5,"MACD_Hist,MACD,SMA_10,OBV,ADX",MACD_Hist
TCS,TCS.NS,2023-11-08,2023,11,1,Sideways,1,0.8222,BUY,1,1,0.9228,BUY,1,5,"MACD_Hist,MACD,SMA_10,OBV,ADX",MACD_Hist
TCS,TCS.NS,2023-11-09,2023,11,1,Sideways,1,0.8784,BUY,1,1,0.9355,BUY,1,5,"MACD_Hist,MACD,SMA_10,OBV,ADX",MACD_Hist
TCS,TCS.NS,2023-11-10,2023,11,1,Sideways,1,0.842,BUY,1,1,0.9348,BUY,1,5,"MACD_Hist,MACD,SMA_10,OBV,ADX",MACD_Hist
TCS,TCS.NS,2023-11-13,2023,11,1,Sideways,1,0.9176,BUY,1,1,0.939,BUY,1,5,"MACD_Hist,MACD,SMA_10,OBV,ADX",MACD_Hist
TCS,TCS.NS,2023-11-15,2023,11,1,Sideways,1,0.8685,BUY,1,1,0.9288,BUY,1,5,"MACD_Hist,MACD,SMA_10,OBV,ADX",MACD_Hist
TCS,TCS.NS,2023-11-16,2023,11,1,Sideways,1,0.5982,BUY,1,1,0.8372,BUY,1,5,"MACD_Hist,MACD,SMA_10,OBV,ADX",MACD_Hist
TCS,TCS.NS,2023-11-17,2023,11,1,Bull,-1,0.5182,NO TRADE,0,1,0.772,BUY,1,5,"MACD_Hist,MACD,SMA_10,OBV,ADX",MACD_Hist
TCS,TCS.NS,2023-11-20,2023,11,1,Bull,-1,0.5275,NO TRADE,0,1,0.5763,BUY,1,5,"MACD_Hist,MACD,SMA_10,OBV,ADX",MACD_Hist
TCS,TCS.NS,2023-11-21,2023,11,1,Bull,0,0.7453,SELL,0,0,0.5679,SELL,0,5,"MACD_Hist,MACD,SMA_10,OBV,ADX",MACD_Hist
TCS,TCS.NS,2023-11-22,2023,11,1,Bull,0,0.7607,SELL,0,0,0.682,SELL,0,5,"MACD_Hist,MACD,SMA_10,OBV,ADX",MACD_Hist
TCS,TCS.NS,2023-11-23,2023,11,1,Bull,0,0.8042,SELL,0,0,0.8486,SELL,0,5,"MACD_Hist,MACD,SMA_10,OBV,ADX",MACD_Hist
TCS,TCS.NS,2023-11-24,2023,11,1,Sideways,0,0.8281,SELL,0,0,0.8128,SELL,0,5,"MACD_Hist,MACD,SMA_10,OBV,ADX",MACD_Hist
TCS,TCS.NS,2023-11-28,2023,11,1,Sideways,0,0.8572,SELL,0,0,0.8822,SELL,0,5,"MACD_Hist,MACD,SMA_10,OBV,ADX",MACD_Hist
TCS,TCS.NS,2023-11-29,2023,11,1,Bear,0,0.8985,SELL,0,0,0.9102,SELL,0,5,"MACD_Hist,MACD,SMA_10,OBV,ADX",MACD_Hist
TCS,TCS.NS,2023-11-30,2023,11,1,Sideways,0,0.8438,SELL,0,0,0.7385,SELL,0,5,"MACD_Hist,MACD,SMA_10,OBV,ADX",MACD_Hist
TCS,TCS.NS,2023-12-01,2023,12,1,Sideways,0,0.8889,SELL,0,0,0.8644,SELL,0,5,"MACD_Hist,MACD,SMA_10,OBV,ADX",MACD_Hist
TCS,TCS.NS,2023-12-04,2023,12,1,Sideways,0,0.8983,SELL,0,0,0.911,SELL,0,5,"MACD_Hist,MACD,SMA_10,OBV,ADX",MACD_Hist
TCS,TCS.NS,2023-12-05,2023,12,1,Sideways,0,0.9051,SELL,0,0,0.9137,SELL,0,5,"MACD_Hist,MACD,SMA_10,OBV,ADX",MACD_Hist
TCS,TCS.NS,2023-12-06,2023,12,1,Sideways,0,0.8992,SELL,0,0,0.9312,SELL,0,5,"MACD_Hist,MACD,SMA_10,OBV,ADX",MACD_Hist
TCS,TCS.NS,2023-12-07,2023,12,1,Sideways,0,0.8959,SELL,0,0,0.9493,SELL,0,5,"MACD_Hist,MACD,SMA_10,OBV,ADX",MACD_Hist
TCS,TCS.NS,2023-12-08,2023,12,1,Sideways,0,0.9429,SELL,0,0,0.9633,SELL,0,5,"MACD_Hist,MACD,SMA_10,OBV,ADX",MACD_Hist
TCS,TCS.NS,2023-12-11,2023,12,1,Sideways,0,0.9529,SELL,0,0,0.9712,SELL,0,5,"MACD_Hist,MACD,SMA_10,OBV,ADX",MACD_Hist
TCS,TCS.NS,2023-12-12,2023,12,1,Sideways,0,0.9397,SELL,0,0,0.9788,SELL,0,5,"MACD_Hist,MACD,SMA_10,OBV,ADX",MACD_Hist
TCS,TCS.NS,2023-12-13,2023,12,1,Bull,0,0.9342,SELL,0,0,0.972,SELL,0,5,"MACD_Hist,MACD,SMA_10,OBV,ADX",MACD_Hist
TCS,TCS.NS,2023-12-14,2023,12,1,Sideways,0,0.9402,SELL,0,0,0.9654,SELL,0,5,"MACD_Hist,MACD,SMA_10,OBV,ADX",MACD_Hist
TCS,TCS.NS,2023-12-15,2023,12,1,Bull,0,0.9726,SELL,0,0,0.9701,SELL,0,5,"MACD_Hist,MACD,SMA_10,OBV,ADX",MACD_Hist
TCS,TCS.NS,2023-12-18,2023,12,1,Bull,0,0.9738,SELL,0,0,0.9807,SELL,0,5,"MACD_Hist,MACD,SMA_10,OBV,ADX",MACD_Hist
TCS,TCS.NS,2023-12-19,2023,12,1,Bull,0,0.9799,SELL,0,0,0.9802,SELL,0,5,"MACD_Hist,MACD,SMA_10,OBV,ADX",MACD_Hist
TCS,TCS.NS,2023-12-20,2023,12,1,Bull,0,0.9779,SELL,0,0,0.9806,SELL,0,5,"MACD_Hist,MACD,SMA_10,OBV,ADX",MACD_Hist
TCS,TCS.NS,2023-12-21,2023,12,1,Bull,0,0.9825,SELL,0,0,0.9788,SELL,0,5,"MACD_Hist,MACD,SMA_10,OBV,ADX",MACD_Hist
TCS,TCS.NS,2023-12-22,2023,12,1,Bull,0,0.981,SELL,0,0,0.9785,SELL,0,5,"MACD_Hist,MACD,SMA_10,OBV,ADX",MACD_Hist
TCS,TCS.NS,2023-12-26,2023,12,1,Bull,0,0.9848,SELL,0,0,0.9752,SELL,0,5,"MACD_Hist,MACD,SMA_10,OBV,ADX",MACD_Hist
TCS,TCS.NS,2023-12-27,2023,12,1,Bull,0,0.9876,SELL,0,0,0.9777,SELL,0,5,"MACD_Hist,MACD,SMA_10,OBV,ADX",MACD_Hist
TCS,TCS.NS,2023-12-28,2023,12,1,Bull,0,0.9872,SELL,0,0,0.9758,SELL,0,5,"MACD_Hist,MACD,SMA_10,OBV,ADX",MACD_Hist
TCS,TCS.NS,2023-12-29,2023,12,1,Bull,0,0.9847,SELL,0,0,0.9761,SELL,0,5,"MACD_Hist,MACD,SMA_10,OBV,ADX",MACD_Hist
TCS,TCS.NS,2024-01-01,2024,1,1,Bull,0,0.9783,SELL,0,0,0.9761,SELL,0,5,"MACD_Hist,MACD,SMA_10,OBV,ADX",MACD_Hist
TCS,TCS.NS,2024-01-02,2024,1,1,Bull,0,0.973,SELL,0,0,0.9764,SELL,0,5,"MACD_Hist,MACD,SMA_10,OBV,ADX",MACD_Hist
TCS,TCS.NS,2024-01-03,2024,1,1,Bull,0,0.9809,SELL,0,0,0.9749,SELL,0,5,"MACD_Hist,MACD,SMA_10,OBV,ADX",MACD_Hist
TCS,TCS.NS,2024-01-04,2024,1,1,Bull,0,0.9763,SELL,0,0,0.9785,SELL,0,5,"MACD_Hist,MACD,SMA_10,OBV,ADX",MACD_Hist
TCS,TCS.NS,2024-01-05,2024,1,1,Bull,0,0.9854,SELL,0,0,0.9758,SELL,0,5,"MACD_Hist,MACD,SMA_10,OBV,ADX",MACD_Hist
TCS,TCS.NS,2024-01-08,2024,1,1,Bull,0,0.9814,SELL,0,0,0.9711,SELL,0,5,"MACD_Hist,MACD,SMA_10,OBV,ADX",MACD_Hist
TCS,TCS.NS,2024-01-09,2024,1,1,Bull,0,0.9798,SELL,0,0,0.9588,SELL,0,5,"MACD_Hist,MACD,SMA_10,OBV,ADX",MACD_Hist
TCS,TCS.NS,2024-01-10,2024,1,1,Bull,0,0.9626,SELL,0,0,0.9499,SELL,0,5,"MACD_Hist,MACD,SMA_10,OBV,ADX",MACD_Hist
TCS,TCS.NS,2024-01-11,2024,1,1,Bull,0,0.9618,SELL,0,0,0.9582,SELL,0,5,"MACD_Hist,MACD,SMA_10,OBV,ADX",MACD_Hist
TCS,TCS.NS,2024-01-12,2024,1,1,Bull,0,0.9815,SELL,0,0,0.9718,SELL,0,5,"MACD_Hist,MACD,SMA_10,OBV,ADX",MACD_Hist
TCS,TCS.NS,2024-01-15,2024,1,1,Bull,0,0.9736,SELL,0,0,0.9728,SELL,0,5,"MACD_Hist,MACD,SMA_10,OBV,ADX",MACD_Hist
TCS,TCS.NS,2024-01-16,2024,1,1,Bull,0,0.9759,SELL,0,0,0.9745,SELL,0,5,"MACD_Hist,MACD,SMA_10,OBV,ADX",MACD_Hist
TCS,TCS.NS,2024-01-17,2024,1,1,Bull,0,0.6409,SELL,0,0,0.713,SELL,0,5,"SMA_10,MACD_Hist,SMA_50,ATR_14,OBV",SMA_10
TCS,TCS.NS,2024-01-18,2024,1,1,Bull,0,0.7266,SELL,0,0,0.7304,SELL,0,5,"SMA_10,MACD_Hist,SMA_50,ATR_14,OBV",SMA_10
TCS,TCS.NS,2024-01-19,2024,1,1,Bull,0,0.7206,SELL,0,0,0.7437,SELL,0,5,"SMA_10,MACD_Hist,SMA_50,ATR_14,OBV",SMA_10
TCS,TCS.NS,2024-01-23,2024,1,1,Bull,0,0.6852,SELL,0,0,0.7274,SELL,0,5,"SMA_10,MACD_Hist,SMA_50,ATR_14,OBV",SMA_10
TCS,TCS.NS,2024-01-24,2024,1,1,Bull,0,0.6836,SELL,0,0,0.7142,SELL,0,5,"SMA_10,MACD_Hist,SMA_50,ATR_14,OBV",SMA_10
TCS,TCS.NS,2024-01-25,2024,1,1,Bull,0,0.6744,SELL,0,0,0.677,SELL,0,5,"SMA_10,MACD_Hist,SMA_50,ATR_14,OBV",SMA_10
TCS,TCS.NS,2024-01-29,2024,1,1,Bull,0,0.7613,SELL,0,0,0.6611,SELL,0,5,"SMA_10,MACD_Hist,SMA_50,ATR_14,OBV",SMA_10
TCS,TCS.NS,2024-01-30,2024,1,1,Bull,0,0.8246,SELL,0,0,0.6631,SELL,0,5,"SMA_10,MACD_Hist,SMA_50,ATR_14,OBV",SMA_10
TCS,TCS.NS,2024-01-31,2024,1,1,Bull,0,0.8095,SELL,0,0,0.6544,SELL,0,5,"SMA_10,MACD_Hist,SMA_50,ATR_14,OBV",SMA_10
TCS,TCS.NS,2024-02-01,2024,2,1,Bull,0,0.798,SELL,0,0,0.7174,SELL,0,5,"SMA_10,MACD_Hist,SMA_50,ATR_14,OBV",SMA_10
TCS,TCS.NS,2024-02-02,2024,2,1,Bull,0,0.8238,SELL,0,0,0.7176,SELL,0,5,"SMA_10,MACD_Hist,SMA_50,ATR_14,OBV",SMA_10
TCS,TCS.NS,2024-02-05,2024,2,1,Bull,0,0.7906,SELL,0,0,0.7275,SELL,0,5,"SMA_10,MACD_Hist,SMA_50,ATR_14,OBV",SMA_10
TCS,TCS.NS,2024-02-06,2024,2,0,Bull,0,0.7704,SELL,1,0,0.7442,SELL,1,5,"SMA_10,MACD_Hist,SMA_50,ATR_14,OBV",SMA_10
TCS,TCS.NS,2024-02-07,2024,2,0,Bull,0,0.689,SELL,1,0,0.7247,SELL,1,5,"SMA_10,MACD_Hist,SMA_50,ATR_14,OBV",SMA_10
TCS,TCS.NS,2024-02-08,2024,2,0,Bull,0,0.6542,SELL,1,0,0.7352,SELL,1,5,"SMA_10,MACD_Hist,SMA_50,ATR_14,OBV",SMA_10
TCS,TCS.NS,2024-02-09,2024,2,0,Bull,0,0.6306,SELL,1,0,0.7247,SELL,1,5,"SMA_10,MACD_Hist,SMA_50,ATR_14,OBV",SMA_10
TCS,TCS.NS,2024-02-12,2024,2,1,Bull,0,0.6498,SELL,0,0,0.7162,SELL,0,5,"SMA_10,MACD_Hist,SMA_50,ATR_14,OBV",SMA_10
TCS,TCS.NS,2024-02-13,2024,2,0,Bull,0,0.5802,SELL,1,0,0.7266,SELL,1,5,"SMA_10,MACD_Hist,SMA_50,ATR_14,OBV",SMA_10
TCS,TCS.NS,2024-02-14,2024,2,1,Bull,-1,0.5408,NO TRADE,0,0,0.7181,SELL,0,5,"SMA_10,MACD_Hist,SMA_50,ATR_14,OBV",SMA_10
TCS,TCS.NS,2024-02-15,2024,2,1,Bull,0,0.6164,SELL,0,0,0.7266,SELL,0,5,"SMA_10,MACD_Hist,SMA_50,ATR_14,OBV",SMA_10
TCS,TCS.NS,2024-02-16,2024,2,1,Bull,0,0.675,SELL,0,0,0.737,SELL,0,5,"SMA_10,MACD_Hist,SMA_50,ATR_14,OBV",SMA_10
TCS,TCS.NS,2024-02-19,2024,2,0,Bull,0,0.6595,SELL,1,0,0.7296,SELL,1,5,"SMA_10,MACD_Hist,SMA_50,ATR_14,OBV",SMA_10
TCS,TCS.NS,2024-02-20,2024,2,0,Bull,0,0.7617,SELL,1,0,0.7181,SELL,1,5,"SMA_10,MACD_Hist,SMA_50,ATR_14,OBV",SMA_10
TCS,TCS.NS,2024-02-21,2024,2,0,Bull,0,0.8117,SELL,1,0,0.7047,SELL,1,5,"SMA_10,MACD_Hist,SMA_50,ATR_14,OBV",SMA_10
TCS,TCS.NS,2024-02-22,2024,2,0,Bull,0,0.8365,SELL,1,0,0.7266,SELL,1,5,"SMA_10,MACD_Hist,SMA_50,ATR_14,OBV",SMA_10
TCS,TCS.NS,2024-02-23,2024,2,0,Bull,0,0.8152,SELL,1,0,0.7028,SELL,1,5,"SMA_10,MACD_Hist,SMA_50,ATR_14,OBV",SMA_10
TCS,TCS.NS,2024-02-26,2024,2,0,Bull,0,0.8311,SELL,1,0,0.7028,SELL,1,5,"SMA_10,MACD_Hist,SMA_50,ATR_14,OBV",SMA_10
TCS,TCS.NS,2024-02-27,2024,2,0,Bull,0,0.8266,SELL,1,0,0.7162,SELL,1,5,"SMA_10,MACD_Hist,SMA_50,ATR_14,OBV",SMA_10
TCS,TCS.NS,2024-02-28,2024,2,0,Bull,0,0.7375,SELL,1,0,0.7352,SELL,1,5,"SMA_10,MACD_Hist,SMA_50,ATR_14,OBV",SMA_10
TCS,TCS.NS,2024-02-29,2024,2,0,Bull,0,0.7233,SELL,1,0,0.7028,SELL,1,5,"SMA_10,MACD_Hist,SMA_50,ATR_14,OBV",SMA_10
TCS,TCS.NS,2024-03-01,2024,3,0,Bull,0,0.6862,SELL,1,0,0.7028,SELL,1,5,"SMA_10,MACD_Hist,SMA_50,ATR_14,OBV",SMA_10
TCS,TCS.NS,2024-03-04,2024,3,0,Bull,0,0.63,SELL,1,0,0.7093,SELL,1,5,"SMA_10,MACD_Hist,SMA_50,ATR_14,OBV",SMA_10
TCS,TCS.NS,2024-03-05,2024,3,0,Bull,0,0.7049,SELL,1,0,0.6988,SELL,1,5,"SMA_10,MACD_Hist,SMA_50,ATR_14,OBV",SMA_10
TCS,TCS.NS,2024-03-06,2024,3,0,Bull,0,0.6759,SELL,1,0,0.7051,SELL,1,5,"SMA_10,MACD_Hist,SMA_50,ATR_14,OBV",SMA_10
TCS,TCS.NS,2024-03-07,2024,3,0,Bull,0,0.771,SELL,1,0,0.7149,SELL,1,5,"SMA_10,MACD_Hist,SMA_50,ATR_14,OBV",SMA_10
TCS,TCS.NS,2024-03-11,2024,3,0,Bull,0,0.7591,SELL,1,0,0.728,SELL,1,5,"SMA_10,MACD_Hist,SMA_50,ATR_14,OBV",SMA_10
TCS,TCS.NS,2024-03-12,2024,3,0,Bull,0,0.7325,SELL,1,0,0.7452,SELL,1,5,"SMA_10,MACD_Hist,SMA_50,ATR_14,OBV",SMA_10
TCS,TCS.NS,2024-03-13,2024,3,0,Bull,0,0.7817,SELL,1,0,0.735,SELL,1,5,"SMA_10,MACD_Hist,SMA_50,ATR_14,OBV",SMA_10
TCS,TCS.NS,2024-03-14,2024,3,0,Bull,0,0.7945,SELL,1,0,0.7465,SELL,1,5,"SMA_10,MACD_Hist,SMA_50,ATR_14,OBV",SMA_10
TCS,TCS.NS,2024-03-15,2024,3,0,Bull,0,0.7514,SELL,1,0,0.7643,SELL,1,5,"SMA_10,MACD_Hist,SMA_50,ATR_14,OBV",SMA_10
TCS,TCS.NS,2024-03-18,2024,3,0,Bull,0,0.7497,SELL,1,0,0.7643,SELL,1,5,"SMA_10,MACD_Hist,SMA_50,ATR_14,OBV",SMA_10
TCS,TCS.NS,2024-03-19,2024,3,0,Bull,0,0.6392,SELL,1,0,0.7136,SELL,1,5,"SMA_10,MACD_Hist,SMA_50,ATR_14,OBV",SMA_10
TCS,TCS.NS,2024-03-20,2024,3,0,Bull,0,0.6896,SELL,1,0,0.7262,SELL,1,5,"SMA_10,MACD_Hist,SMA_50,ATR_14,OBV",SMA_10
TCS,TCS.NS,2024-03-21,2024,3,0,Bull,0,0.7604,SELL,1,0,0.7388,SELL,1,5,"SMA_10,MACD_Hist,SMA_50,ATR_14,OBV",SMA_10
TCS,TCS.NS,2024-03-22,2024,3,0,Bull,0,0.7959,SELL,1,0,0.7022,SELL,1,5,"SMA_10,MACD_Hist,SMA_50,ATR_14,OBV",SMA_10
TCS,TCS.NS,2024-03-26,2024,3,0,Bull,0,0.7584,SELL,1,0,0.5961,SELL,1,5,"SMA_10,MACD_Hist,SMA_50,ATR_14,OBV",SMA_10
TCS,TCS.NS,2024-03-27,2024,3,1,Bull,0,0.7904,SELL,0,1,0.6035,BUY,1,5,"SMA_10,MACD_Hist,SMA_50,ATR_14,OBV",SMA_10
TCS,TCS.NS,2024-03-28,2024,3,0,Bull,0,0.7254,SELL,1,-1,0.5112,NO TRADE,0,5,"SMA_10,MACD_Hist,SMA_50,ATR_14,OBV",SMA_10
TCS,TCS.NS,2024-04-01,2024,4,0,Sideways,0,0.6685,SELL,1,1,0.5953,BUY,0,5,"SMA_10,MACD_Hist,SMA_50,ATR_14,OBV",SMA_10
TCS,TCS.NS,2024-04-02,2024,4,0,Sideways,0,0.727,SELL,1,1,0.5779,BUY,0,5,"SMA_10,MACD_Hist,SMA_50,ATR_14,OBV",SMA_10
TCS,TCS.NS,2024-04-03,2024,4,0,Sideways,0,0.6529,SELL,1,-1,0.5062,NO TRADE,0,5,"SMA_10,MACD_Hist,SMA_50,ATR_14,OBV",SMA_10
TCS,TCS.NS,2024-04-04,2024,4,0,Bull,-1,0.5251,NO TRADE,0,-1,0.5151,NO TRADE,0,5,"SMA_10,MACD_Hist,SMA_50,ATR_14,OBV",SMA_10
TCS,TCS.NS,2024-04-05,2024,4,0,Bull,-1,0.5146,NO TRADE,0,-1,0.5041,NO TRADE,0,5,"SMA_10,MACD_Hist,SMA_50,ATR_14,OBV",SMA_10
TCS,TCS.NS,2024-04-08,2024,4,0,Sideways,-1,0.5499,NO TRADE,0,-1,0.5259,NO TRADE,0,5,"SMA_10,MACD_Hist,SMA_50,ATR_14,OBV",SMA_10
TCS,TCS.NS,2024-04-09,2024,4,0,Bull,1,0.6235,BUY,0,-1,0.5487,NO TRADE,0,5,"SMA_10,MACD_Hist,SMA_50,ATR_14,OBV",SMA_10
TCS,TCS.NS,2024-04-10,2024,4,0,Bull,1,0.5975,BUY,0,-1,0.5259,NO TRADE,0,5,"SMA_10,MACD_Hist,SMA_50,ATR_14,OBV",SMA_10
TCS,TCS.NS,2024-04-12,2024,4,0,Bull,-1,0.5078,NO TRADE,0,-1,0.5419,NO TRADE,0,5,"SMA_10,MACD_Hist,SMA_50,ATR_14,OBV",SMA_10
TCS,TCS.NS,2024-04-15,2024,4,0,Bull,1,0.6064,BUY,0,-1,0.5124,NO TRADE,0,5,"SMA_10,MACD_Hist,SMA_50,ATR_14,OBV",SMA_10
TCS,TCS.NS,2024-04-16,2024,4,1,Bull,1,0.6838,BUY,1,-1,0.5436,NO TRADE,0,5,"SMA_10,MACD_Hist,SMA_50,ATR_14,OBV",SMA_10
TCS,TCS.NS,2024-04-18,2024,4,0,Sideways,1,0.6476,BUY,0,1,0.5888,BUY,0,5,"SMA_10,MACD_Hist,SMA_50,ATR_14,OBV",SMA_10
TCS,TCS.NS,2024-04-19,2024,4,1,Sideways,1,0.6558,BUY,1,0,0.6048,SELL,0,5,"EMA_12,SMA_50,SMA_10,OBV,MACD",EMA_12
TCS,TCS.NS,2024-04-22,2024,4,0,Bear,1,0.6198,BUY,0,0,0.6603,SELL,1,5,"EMA_12,SMA_50,SMA_10,OBV,MACD",EMA_12
TCS,TCS.NS,2024-04-23,2024,4,1,Sideways,1,0.5579,BUY,1,0,0.7231,SELL,0,5,"EMA_12,SMA_50,SMA_10,OBV,MACD",EMA_12
TCS,TCS.NS,2024-04-24,2024,4,1,Bear,1,0.6511,BUY,1,0,0.7199,SELL,0,5,"EMA_12,SMA_50,SMA_10,OBV,MACD",EMA_12
TCS,TCS.NS,2024-04-25,2024,4,1,Bear,1,0.6218,BUY,1,0,0.7198,SELL,0,5,"EMA_12,SMA_50,SMA_10,OBV,MACD",EMA_12
TCS,TCS.NS,2024-04-26,2024,4,1,Bear,1,0.6795,BUY,1,0,0.714,SELL,0,5,"EMA_12,SMA_50,SMA_10,OBV,MACD",EMA_12
TCS,TCS.NS,2024-04-29,2024,4,0,Bear,1,0.7654,BUY,0,0,0.7198,SELL,1,5,"EMA_12,SMA_50,SMA_10,OBV,MACD",EMA_12
TCS,TCS.NS,2024-04-30,2024,4,0,Bear,1,0.805,BUY,0,0,0.6603,SELL,1,5,"EMA_12,SMA_50,SMA_10,OBV,MACD",EMA_12
TCS,TCS.NS,2024-05-02,2024,5,0,Bear,1,0.6724,BUY,0,0,0.7198,SELL,1,5,"EMA_12,SMA_50,SMA_10,OBV,MACD",EMA_12
TCS,TCS.NS,2024-05-03,2024,5,0,Bear,1,0.749,BUY,0,0,0.6603,SELL,1,5,"EMA_12,SMA_50,SMA_10,OBV,MACD",EMA_12
TCS,TCS.NS,2024-05-06,2024,5,0,Bear,1,0.7285,BUY,0,0,0.7432,SELL,1,5,"EMA_12,SMA_50,SMA_10,OBV,MACD",EMA_12
TCS,TCS.NS,2024-05-07,2024,5,0,Bear,1,0.6953,BUY,0,0,0.7252,SELL,1,5,"EMA_12,SMA_50,SMA_10,OBV,MACD",EMA_12
TCS,TCS.NS,2024-05-08,2024,5,0,Bear,1,0.6147,BUY,0,0,0.7288,SELL,1,5,"EMA_12,SMA_50,SMA_10,OBV,MACD",EMA_12
TCS,TCS.NS,2024-05-09,2024,5,0,Sideways,1,0.5602,BUY,0,0,0.7438,SELL,1,5,"EMA_12,SMA_50,SMA_10,OBV,MACD",EMA_12
TCS,TCS.NS,2024-05-10,2024,5,0,Sideways,-1,0.527,NO TRADE,0,0,0.6745,SELL,1,5,"EMA_12,SMA_50,SMA_10,OBV,MACD",EMA_12
TCS,TCS.NS,2024-05-13,2024,5,0,Bear,0,0.5507,SELL,1,0,0.6549,SELL,1,5,"EMA_12,SMA_50,SMA_10,OBV,MACD",EMA_12
TCS,TCS.NS,2024-05-14,2024,5,0,Sideways,-1,0.5024,NO TRADE,0,0,0.6623,SELL,1,5,"EMA_12,SMA_50,SMA_10,OBV,MACD",EMA_12
TCS,TCS.NS,2024-05-15,2024,5,1,Sideways,1,0.6637,BUY,1,0,0.6126,SELL,0,5,"EMA_12,SMA_50,SMA_10,OBV,MACD",EMA_12
TCS,TCS.NS,2024-05-16,2024,5,0,Bear,1,0.552,BUY,0,0,0.7252,SELL,1,5,"EMA_12,SMA_50,SMA_10,OBV,MACD",EMA_12
TCS,TCS.NS,2024-05-17,2024,5,0,Bear,1,0.5784,BUY,0,0,0.6126,SELL,1,5,"EMA_12,SMA_50,SMA_10,OBV,MACD",EMA_12
TCS,TCS.NS,2024-05-21,2024,5,0,Bear,1,0.5949,BUY,0,0,0.5979,SELL,1,5,"EMA_12,SMA_50,SMA_10,OBV,MACD",EMA_12
TCS,TCS.NS,2024-05-22,2024,5,0,Bear,1,0.776,BUY,0,0,0.5989,SELL,1,5,"EMA_12,SMA_50,SMA_10,OBV,MACD",EMA_12
TCS,TCS.NS,2024-05-23,2024,5,0,Bear,-1,0.5001,NO TRADE,0,0,0.661,SELL,1,5,"EMA_12,SMA_50,SMA_10,OBV,MACD",EMA_12
TCS,TCS.NS,2024-05-24,2024,5,0,Sideways,1,0.7235,BUY,0,0,0.5981,SELL,1,5,"EMA_12,SMA_50,SMA_10,OBV,MACD",EMA_12
TCS,TCS.NS,2024-05-27,2024,5,0,Bear,1,0.6957,BUY,0,0,0.5981,SELL,1,5,"EMA_12,SMA_50,SMA_10,OBV,MACD",EMA_12
TCS,TCS.NS,2024-05-28,2024,5,1,Bear,1,0.8032,BUY,1,-1,0.5181,NO TRADE,0,5,"EMA_12,SMA_50,SMA_10,OBV,MACD",EMA_12
TCS,TCS.NS,2024-05-29,2024,5,1,Bear,1,0.8393,BUY,1,-1,0.5232,NO TRADE,0,5,"EMA_12,SMA_50,SMA_10,OBV,MACD",EMA_12
TCS,TCS.NS,2024-05-30,2024,5,1,Bear,1,0.7426,BUY,1,1,0.5592,BUY,1,5,"EMA_12,SMA_50,SMA_10,OBV,MACD",EMA_12
TCS,TCS.NS,2024-05-31,2024,5,1,Bear,1,0.6257,BUY,1,1,0.7896,BUY,1,5,"EMA_12,SMA_50,SMA_10,OBV,MACD",EMA_12
TCS,TCS.NS,2024-06-03,2024,6,1,Bear,1,0.6347,BUY,1,1,0.7893,BUY,1,5,"EMA_12,SMA_50,SMA_10,OBV,MACD",EMA_12
TCS,TCS.NS,2024-06-04,2024,6,1,Bear,1,0.6554,BUY,1,1,0.6788,BUY,1,5,"EMA_12,SMA_50,SMA_10,OBV,MACD",EMA_12
TCS,TCS.NS,2024-06-05,2024,6,1,Bear,1,0.6912,BUY,1,1,0.6241,BUY,1,5,"EMA_12,SMA_50,SMA_10,OBV,MACD",EMA_12
TCS,TCS.NS,2024-06-06,2024,6,1,Bear,-1,0.5235,NO TRADE,0,1,0.595,BUY,1,5,"EMA_12,SMA_50,SMA_10,OBV,MACD",EMA_12
TCS,TCS.NS,2024-06-07,2024,6,1,Bear,0,0.5608,SELL,0,0,0.635,SELL,0,5,"EMA_12,SMA_50,SMA_10,OBV,MACD",EMA_12
TCS,TCS.NS,2024-06-10,2024,6,1,Sideways,-1,0.5201,NO TRADE,0,-1,0.521,NO TRADE,0,5,"EMA_12,SMA_50,SMA_10,OBV,MACD",EMA_12
TCS,TCS.NS,2024-06-11,2024,6,1,Sideways,-1,0.5208,NO TRADE,0,-1,0.521,NO TRADE,0,5,"EMA_12,SMA_50,SMA_10,OBV,MACD",EMA_12
TCS,TCS.NS,2024-06-12,2024,6,1,Sideways,1,0.5507,BUY,1,1,0.5712,BUY,1,5,"EMA_12,SMA_50,SMA_10,OBV,MACD",EMA_12
TCS,TCS.NS,2024-06-13,2024,6,1,Sideways,1,0.6136,BUY,1,-1,0.5159,NO TRADE,0,5,"EMA_12,SMA_50,SMA_10,OBV,MACD",EMA_12
TCS,TCS.NS,2024-06-14,2024,6,1,Sideways,1,0.6483,BUY,1,1,0.5668,BUY,1,5,"EMA_12,SMA_50,SMA_10,OBV,MACD",EMA_12
TCS,TCS.NS,2024-06-18,2024,6,1,Sideways,1,0.6423,BUY,1,1,0.5642,BUY,1,5,"EMA_12,SMA_50,SMA_10,OBV,MACD",EMA_12
TCS,TCS.NS,2024-06-19,2024,6,1,Sideways,1,0.7151,BUY,1,1,0.5506,BUY,1,5,"EMA_12,SMA_50,SMA_10,OBV,MACD",EMA_12
TCS,TCS.NS,2024-06-20,2024,6,1,Bear,1,0.7577,BUY,1,1,0.5925,BUY,1,5,"EMA_12,SMA_50,SMA_10,OBV,MACD",EMA_12
TCS,TCS.NS,2024-06-21,2024,6,1,Bear,1,0.7848,BUY,1,1,0.5506,BUY,1,5,"EMA_12,SMA_50,SMA_10,OBV,MACD",EMA_12
TCS,TCS.NS,2024-06-24,2024,6,1,Bear,1,0.8126,BUY,1,-1,0.545,NO TRADE,0,5,"EMA_12,SMA_50,SMA_10,OBV,MACD",EMA_12
TCS,TCS.NS,2024-06-25,2024,6,1,Bear,1,0.852,BUY,1,-1,0.5159,NO TRADE,0,5,"EMA_12,SMA_50,SMA_10,OBV,MACD",EMA_12
TCS,TCS.NS,2024-06-26,2024,6,1,Sideways,1,0.7942,BUY,1,-1,0.5298,NO TRADE,0,5,"EMA_12,SMA_50,SMA_10,OBV,MACD",EMA_12
TCS,TCS.NS,2024-06-27,2024,6,1,Sideways,-1,0.5139,NO TRADE,0,0,0.5926,SELL,0,5,"EMA_12,SMA_50,SMA_10,OBV,MACD",EMA_12
TCS,TCS.NS,2024-06-28,2024,6,1,Sideways,1,0.573,BUY,1,0,0.5624,SELL,0,5,"EMA_12,SMA_50,SMA_10,OBV,MACD",EMA_12
TCS,TCS.NS,2024-07-01,2024,7,1,Sideways,-1,0.5072,NO TRADE,0,0,0.5557,SELL,0,5,"EMA_12,SMA_50,SMA_10,OBV,MACD",EMA_12
TCS,TCS.NS,2024-07-02,2024,7,1,Bull,-1,0.5384,NO TRADE,0,0,0.671,SELL,0,5,"EMA_12,SMA_50,SMA_10,OBV,MACD",EMA_12
TCS,TCS.NS,2024-07-03,2024,7,1,Bull,-1,0.5469,NO TRADE,0,0,0.6226,SELL,0,5,"EMA_12,SMA_50,SMA_10,OBV,MACD",EMA_12
TCS,TCS.NS,2024-07-04,2024,7,1,Bull,-1,0.5109,NO TRADE,0,-1,0.5488,NO TRADE,0,5,"EMA_12,SMA_50,SMA_10,OBV,MACD",EMA_12
TCS,TCS.NS,2024-07-05,2024,7,1,Bull,1,0.5634,BUY,1,-1,0.5239,NO TRADE,0,5,"EMA_12,SMA_50,SMA_10,OBV,MACD",EMA_12
TCS,TCS.NS,2024-07-08,2024,7,1,Bull,1,0.576,BUY,1,1,0.5949,BUY,1,5,"EMA_12,SMA_50,SMA_10,OBV,MACD",EMA_12
TCS,TCS.NS,2024-07-09,2024,7,1,Bull,0,0.5578,SELL,0,1,0.5949,BUY,1,5,"EMA_12,SMA_50,SMA_10,OBV,MACD",EMA_12
TCS,TCS.NS,2024-07-10,2024,7,1,Bull,-1,0.5424,NO TRADE,0,1,0.5808,BUY,1,5,"EMA_12,SMA_50,SMA_10,OBV,MACD",EMA_12
TCS,TCS.NS,2024-07-11,2024,7,1,Bull,0,0.5546,SELL,0,0,0.6231,SELL,0,5,"EMA_12,SMA_50,SMA_10,OBV,MACD",EMA_12
TCS,TCS.NS,2024-07-12,2024,7,1,Sideways,0,0.8553,SELL,0,0,0.6646,SELL,0,5,"EMA_12,SMA_50,SMA_10,OBV,MACD",EMA_12
TCS,TCS.NS,2024-07-15,2024,7,1,Bull,0,0.8211,SELL,0,0,0.5816,SELL,0,5,"EMA_12,SMA_50,SMA_10,OBV,MACD",EMA_12
TCS,TCS.NS,2024-07-16,2024,7,1,Bull,0,0.8124,SELL,0,0,0.5752,SELL,0,5,"EMA_12,SMA_50,SMA_10,OBV,MACD",EMA_12
TCS,TCS.NS,2024-07-18,2024,7,1,Bull,0,0.8127,SELL,0,-1,0.5333,NO TRADE,0,5,"BB_Upper,MACD_Hist,SMA_20,ADX,MACD",BB_Upper
TCS,TCS.NS,2024-07-19,2024,7,1,Bull,0,0.7277,SELL,0,-1,0.5059,NO TRADE,0,5,"BB_Upper,MACD_Hist,SMA_20,ADX,MACD",BB_Upper
TCS,TCS.NS,2024-07-22,2024,7,1,Bull,0,0.7685,SELL,0,-1,0.5386,NO TRADE,0,5,"BB_Upper,MACD_Hist,SMA_20,ADX,MACD",BB_Upper
TCS,TCS.NS,2024-07-23,2024,7,1,Bull,0,0.8176,SELL,0,0,0.8049,SELL,0,5,"BB_Upper,MACD_Hist,SMA_20,ADX,MACD",BB_Upper
TCS,TCS.NS,2024-07-24,2024,7,1,Bull,0,0.8764,SELL,0,0,0.8818,SELL,0,5,"BB_Upper,MACD_Hist,SMA_20,ADX,MACD",BB_Upper
TCS,TCS.NS,2024-07-25,2024,7,1,Bull,0,0.8698,SELL,0,0,0.8775,SELL,0,5,"BB_Upper,MACD_Hist,SMA_20,ADX,MACD",BB_Upper
TCS,TCS.NS,2024-07-26,2024,7,1,Bull,0,0.882,SELL,0,0,0.8368,SELL,0,5,"BB_Upper,MACD_Hist,SMA_20,ADX,MACD",BB_Upper
TCS,TCS.NS,2024-07-29,2024,7,1,Bull,0,0.881,SELL,0,0,0.8335,SELL,0,5,"BB_Upper,MACD_Hist,SMA_20,ADX,MACD",BB_Upper
TCS,TCS.NS,2024-07-30,2024,7,1,Bull,0,0.8887,SELL,0,0,0.8335,SELL,0,5,"BB_Upper,MACD_Hist,SMA_20,ADX,MACD",BB_Upper
TCS,TCS.NS,2024-07-31,2024,7,1,Bull,0,0.8807,SELL,0,0,0.8594,SELL,0,5,"BB_Upper,MACD_Hist,SMA_20,ADX,MACD",BB_Upper
TCS,TCS.NS,2024-08-01,2024,8,1,Bull,0,0.8662,SELL,0,0,0.863,SELL,0,5,"BB_Upper,MACD_Hist,SMA_20,ADX,MACD",BB_Upper
TCS,TCS.NS,2024-08-02,2024,8,1,Bull,0,0.8978,SELL,0,0,0.8378,SELL,0,5,"BB_Upper,MACD_Hist,SMA_20,ADX,MACD",BB_Upper
TCS,TCS.NS,2024-08-05,2024,8,1,Bull,0,0.9031,SELL,0,0,0.8314,SELL,0,5,"BB_Upper,MACD_Hist,SMA_20,ADX,MACD",BB_Upper
TCS,TCS.NS,2024-08-06,2024,8,1,Bull,0,0.917,SELL,0,0,0.8783,SELL,0,5,"BB_Upper,MACD_Hist,SMA_20,ADX,MACD",BB_Upper
TCS,TCS.NS,2024-08-07,2024,8,1,Bull,0,0.9044,SELL,0,0,0.8834,SELL,0,5,"BB_Upper,MACD_Hist,SMA_20,ADX,MACD",BB_Upper
TCS,TCS.NS,2024-08-08,2024,8,1,Bull,0,0.9232,SELL,0,0,0.8996,SELL,0,5,"BB_Upper,MACD_Hist,SMA_20,ADX,MACD",BB_Upper
TCS,TCS.NS,2024-08-09,2024,8,1,Bull,0,0.9231,SELL,0,0,0.8992,SELL,0,5,"BB_Upper,MACD_Hist,SMA_20,ADX,MACD",BB_Upper
TCS,TCS.NS,2024-08-12,2024,8,1,Bull,0,0.8919,SELL,0,0,0.8611,SELL,0,5,"BB_Upper,MACD_Hist,SMA_20,ADX,MACD",BB_Upper
TCS,TCS.NS,2024-08-13,2024,8,1,Bull,0,0.8751,SELL,0,0,0.8873,SELL,0,5,"BB_Upper,MACD_Hist,SMA_20,ADX,MACD",BB_Upper
TCS,TCS.NS,2024-08-14,2024,8,1,Bull,0,0.8397,SELL,0,0,0.8617,SELL,0,5,"BB_Upper,MACD_Hist,SMA_20,ADX,MACD",BB_Upper
TCS,TCS.NS,2024-08-16,2024,8,1,Bull,0,0.7526,SELL,0,0,0.8846,SELL,0,5,"BB_Upper,MACD_Hist,SMA_20,ADX,MACD",BB_Upper
TCS,TCS.NS,2024-08-19,2024,8,1,Bull,0,0.7244,SELL,0,0,0.8635,SELL,0,5,"BB_Upper,MACD_Hist,SMA_20,ADX,MACD",BB_Upper
TCS,TCS.NS,2024-08-20,2024,8,0,Bull,0,0.8013,SELL,1,0,0.8437,SELL,1,5,"BB_Upper,MACD_Hist,SMA_20,ADX,MACD",BB_Upper
TCS,TCS.NS,2024-08-21,2024,8,0,Bull,0,0.819,SELL,1,0,0.8518,SELL,1,5,"BB_Upper,MACD_Hist,SMA_20,ADX,MACD",BB_Upper
TCS,TCS.NS,2024-08-22,2024,8,0,Bull,0,0.7954,SELL,1,0,0.8526,SELL,1,5,"BB_Upper,MACD_Hist,SMA_20,ADX,MACD",BB_Upper
TCS,TCS.NS,2024-08-23,2024,8,0,Bull,0,0.8154,SELL,1,0,0.8584,SELL,1,5,"BB_Upper,MACD_Hist,SMA_20,ADX,MACD",BB_Upper
TCS,TCS.NS,2024-08-26,2024,8,0,Bull,0,0.8409,SELL,1,0,0.8774,SELL,1,5,"BB_Upper,MACD_Hist,SMA_20,ADX,MACD",BB_Upper
TCS,TCS.NS,2024-08-27,2024,8,0,Bull,0,0.8434,SELL,1,0,0.8767,SELL,1,5,"BB_Upper,MACD_Hist,SMA_20,ADX,MACD",BB_Upper
TCS,TCS.NS,2024-08-28,2024,8,0,Bull,0,0.8467,SELL,1,0,0.8767,SELL,1,5,"BB_Upper,MACD_Hist,SMA_20,ADX,MACD",BB_Upper
TCS,TCS.NS,2024-08-29,2024,8,0,Bull,0,0.8261,SELL,1,0,0.8813,SELL,1,5,"BB_Upper,MACD_Hist,SMA_20,ADX,MACD",BB_Upper
TCS,TCS.NS,2024-08-30,2024,8,0,Bull,0,0.7904,SELL,1,0,0.8806,SELL,1,5,"BB_Upper,MACD_Hist,SMA_20,ADX,MACD",BB_Upper
TCS,TCS.NS,2024-09-02,2024,9,0,Bull,0,0.8889,SELL,1,0,0.8818,SELL,1,5,"BB_Upper,MACD_Hist,SMA_20,ADX,MACD",BB_Upper
TCS,TCS.NS,2024-09-03,2024,9,0,Bull,0,0.9062,SELL,1,0,0.8826,SELL,1,5,"BB_Upper,MACD_Hist,SMA_20,ADX,MACD",BB_Upper
TCS,TCS.NS,2024-09-04,2024,9,0,Bull,0,0.9216,SELL,1,0,0.8849,SELL,1,5,"BB_Upper,MACD_Hist,SMA_20,ADX,MACD",BB_Upper
TCS,TCS.NS,2024-09-05,2024,9,0,Bull,0,0.9149,SELL,1,0,0.8849,SELL,1,5,"BB_Upper,MACD_Hist,SMA_20,ADX,MACD",BB_Upper
TCS,TCS.NS,2024-09-06,2024,9,0,Bull,0,0.9096,SELL,1,0,0.8373,SELL,1,5,"BB_Upper,MACD_Hist,SMA_20,ADX,MACD",BB_Upper
TCS,TCS.NS,2024-09-09,2024,9,0,Bull,0,0.8953,SELL,1,0,0.8539,SELL,1,5,"BB_Upper,MACD_Hist,SMA_20,ADX,MACD",BB_Upper
TCS,TCS.NS,2024-09-10,2024,9,0,Bull,0,0.8968,SELL,1,0,0.8491,SELL,1,5,"BB_Upper,MACD_Hist,SMA_20,ADX,MACD",BB_Upper
TCS,TCS.NS,2024-09-11,2024,9,0,Bull,0,0.8988,SELL,1,0,0.8527,SELL,1,5,"BB_Upper,MACD_Hist,SMA_20,ADX,MACD",BB_Upper
TCS,TCS.NS,2024-09-12,2024,9,0,Bull,0,0.8987,SELL,1,0,0.8475,SELL,1,5,"BB_Upper,MACD_Hist,SMA_20,ADX,MACD",BB_Upper
TCS,TCS.NS,2024-09-13,2024,9,0,Bull,0,0.8552,SELL,1,0,0.8333,SELL,1,5,"BB_Upper,MACD_Hist,SMA_20,ADX,MACD",BB_Upper
TCS,TCS.NS,2024-09-16,2024,9,0,Bull,0,0.8564,SELL,1,0,0.8538,SELL,1,5,"BB_Upper,MACD_Hist,SMA_20,ADX,MACD",BB_Upper
TCS,TCS.NS,2024-09-17,2024,9,0,Bull,0,0.8497,SELL,1,0,0.8499,SELL,1,5,"BB_Upper,MACD_Hist,SMA_20,ADX,MACD",BB_Upper
TCS,TCS.NS,2024-09-18,2024,9,0,Bull,0,0.8915,SELL,1,0,0.8066,SELL,1,5,"BB_Upper,MACD_Hist,SMA_20,ADX,MACD",BB_Upper
TCS,TCS.NS,2024-09-19,2024,9,0,Bull,0,0.8907,SELL,1,0,0.7856,SELL,1,5,"BB_Upper,MACD_Hist,SMA_20,ADX,MACD",BB_Upper
TCS,TCS.NS,2024-09-20,2024,9,0,Bull,0,0.8711,SELL,1,0,0.8111,SELL,1,5,"BB_Upper,MACD_Hist,SMA_20,ADX,MACD",BB_Upper
TCS,TCS.NS,2024-09-23,2024,9,0,Bull,0,0.8796,SELL,1,0,0.8607,SELL,1,5,"BB_Upper,MACD_Hist,SMA_20,ADX,MACD",BB_Upper
TCS,TCS.NS,2024-09-24,2024,9,0,Bull,0,0.7951,SELL,1,0,0.8458,SELL,1,5,"BB_Upper,MACD_Hist,SMA_20,ADX,MACD",BB_Upper
TCS,TCS.NS,2024-09-25,2024,9,0,Bull,0,0.7799,SELL,1,0,0.8871,SELL,1,5,"BB_Upper,MACD_Hist,SMA_20,ADX,MACD",BB_Upper
TCS,TCS.NS,2024-09-26,2024,9,0,Bull,0,0.7631,SELL,1,0,0.8821,SELL,1,5,"BB_Upper,MACD_Hist,SMA_20,ADX,MACD",BB_Upper
TCS,TCS.NS,2024-09-27,2024,9,0,Bull,0,0.8055,SELL,1,0,0.8885,SELL,1,5,"BB_Upper,MACD_Hist,SMA_20,ADX,MACD",BB_Upper
TCS,TCS.NS,2024-09-30,2024,9,0,Sideways,0,0.776,SELL,1,0,0.8259,SELL,1,5,"BB_Upper,MACD_Hist,SMA_20,ADX,MACD",BB_Upper
TCS,TCS.NS,2024-10-01,2024,10,0,Sideways,0,0.7973,SELL,1,0,0.8409,SELL,1,5,"BB_Upper,MACD_Hist,SMA_20,ADX,MACD",BB_Upper
TCS,TCS.NS,2024-10-03,2024,10,0,Sideways,0,0.6472,SELL,1,0,0.85,SELL,1,5,"BB_Upper,MACD_Hist,SMA_20,ADX,MACD",BB_Upper
TCS,TCS.NS,2024-10-04,2024,10,0,Sideways,0,0.674,SELL,1,0,0.788,SELL,1,5,"BB_Upper,MACD_Hist,SMA_20,ADX,MACD",BB_Upper
TCS,TCS.NS,2024-10-07,2024,10,0,Sideways,0,0.6632,SELL,1,0,0.7936,SELL,1,5,"BB_Upper,MACD_Hist,SMA_20,ADX,MACD",BB_Upper
TCS,TCS.NS,2024-10-08,2024,10,0,Sideways,0,0.6799,SELL,1,0,0.7379,SELL,1,5,"BB_Upper,MACD_Hist,SMA_20,ADX,MACD",BB_Upper
TCS,TCS.NS,2024-10-09,2024,10,0,Bear,0,0.5961,SELL,1,0,0.6949,SELL,1,5,"BB_Upper,MACD_Hist,SMA_20,ADX,MACD",BB_Upper
TCS,TCS.NS,2024-10-10,2024,10,0,Bear,0,0.583,SELL,1,0,0.6922,SELL,1,5,"BB_Upper,MACD_Hist,SMA_20,ADX,MACD",BB_Upper
TCS,TCS.NS,2024-10-11,2024,10,1,Bear,0,0.5731,SELL,0,0,0.6879,SELL,0,5,"BB_Upper,MACD_Hist,SMA_20,ADX,MACD",BB_Upper
TCS,TCS.NS,2024-10-14,2024,10,1,Bear,0,0.5926,SELL,0,0,0.8202,SELL,0,5,"BB_Upper,Rolling_Volatility,EMA_26,EMA_12,OBV",BB_Upper
TCS,TCS.NS,2024-10-15,2024,10,1,Bear,0,0.562,SELL,0,0,0.8232,SELL,0,5,"BB_Upper,Rolling_Volatility,EMA_26,EMA_12,OBV",BB_Upper
TCS,TCS.NS,2024-10-16,2024,10,1,Bear,-1,0.5309,NO TRADE,0,0,0.8244,SELL,0,5,"BB_Upper,Rolling_Volatility,EMA_26,EMA_12,OBV",BB_Upper
TCS,TCS.NS,2024-10-17,2024,10,1,Sideways,1,0.6301,BUY,1,0,0.7603,SELL,0,5,"BB_Upper,Rolling_Volatility,EMA_26,EMA_12,OBV",BB_Upper
TCS,TCS.NS,2024-10-18,2024,10,0,Sideways,1,0.6659,BUY,0,0,0.7564,SELL,1,5,"BB_Upper,Rolling_Volatility,EMA_26,EMA_12,OBV",BB_Upper
TCS,TCS.NS,2024-10-21,2024,10,0,Sideways,1,0.6199,BUY,0,0,0.7603,SELL,1,5,"BB_Upper,Rolling_Volatility,EMA_26,EMA_12,OBV",BB_Upper
TCS,TCS.NS,2024-10-22,2024,10,1,Sideways,1,0.5825,BUY,1,0,0.7618,SELL,0,5,"BB_Upper,Rolling_Volatility,EMA_26,EMA_12,OBV",BB_Upper
TCS,TCS.NS,2024-10-23,2024,10,1,Bear,-1,0.5452,NO TRADE,0,0,0.7875,SELL,0,5,"BB_Upper,Rolling_Volatility,EMA_26,EMA_12,OBV",BB_Upper
TCS,TCS.NS,2024-10-24,2024,10,1,Bear,-1,0.5066,NO TRADE,0,0,0.7889,SELL,0,5,"BB_Upper,Rolling_Volatility,EMA_26,EMA_12,OBV",BB_Upper
TCS,TCS.NS,2024-10-25,2024,10,1,Bear,-1,0.5034,NO TRADE,0,0,0.7875,SELL,0,5,"BB_Upper,Rolling_Volatility,EMA_26,EMA_12,OBV",BB_Upper
TCS,TCS.NS,2024-10-28,2024,10,1,Bear,0,0.6011,SELL,0,0,0.8381,SELL,0,5,"BB_Upper,Rolling_Volatility,EMA_26,EMA_12,OBV",BB_Upper
TCS,TCS.NS,2024-10-29,2024,10,1,Bear,0,0.5778,SELL,0,0,0.7875,SELL,0,5,"BB_Upper,Rolling_Volatility,EMA_26,EMA_12,OBV",BB_Upper
TCS,TCS.NS,2024-10-30,2024,10,1,Bear,-1,0.5076,NO TRADE,0,0,0.7875,SELL,0,5,"BB_Upper,Rolling_Volatility,EMA_26,EMA_12,OBV",BB_Upper
TCS,TCS.NS,2024-10-31,2024,10,1,Bear,0,0.6687,SELL,0,0,0.8271,SELL,0,5,"BB_Upper,Rolling_Volatility,EMA_26,EMA_12,OBV",BB_Upper
TCS,TCS.NS,2024-11-01,2024,11,1,Bear,0,0.7096,SELL,0,0,0.8271,SELL,0,5,"BB_Upper,Rolling_Volatility,EMA_26,EMA_12,OBV",BB_Upper
TCS,TCS.NS,2024-11-04,2024,11,1,Bear,0,0.6845,SELL,0,0,0.8303,SELL,0,5,"BB_Upper,Rolling_Volatility,EMA_26,EMA_12,OBV",BB_Upper
TCS,TCS.NS,2024-11-05,2024,11,1,Bear,0,0.6563,SELL,0,0,0.8271,SELL,0,5,"BB_Upper,Rolling_Volatility,EMA_26,EMA_12,OBV",BB_Upper
TCS,TCS.NS,2024-11-06,2024,11,1,Bear,0,0.797,SELL,0,0,0.8351,SELL,0,5,"BB_Upper,Rolling_Volatility,EMA_26,EMA_12,OBV",BB_Upper
TCS,TCS.NS,2024-11-07,2024,11,1,Bear,0,0.7726,SELL,0,0,0.8168,SELL,0,5,"BB_Upper,Rolling_Volatility,EMA_26,EMA_12,OBV",BB_Upper
TCS,TCS.NS,2024-11-08,2024,11,1,Bear,0,0.7646,SELL,0,0,0.8198,SELL,0,5,"BB_Upper,Rolling_Volatility,EMA_26,EMA_12,OBV",BB_Upper
TCS,TCS.NS,2024-11-11,2024,11,1,Bear,0,0.7313,SELL,0,0,0.8124,SELL,0,5,"BB_Upper,Rolling_Volatility,EMA_26,EMA_12,OBV",BB_Upper
TCS,TCS.NS,2024-11-12,2024,11,1,Bear,0,0.6698,SELL,0,0,0.828,SELL,0,5,"BB_Upper,Rolling_Volatility,EMA_26,EMA_12,OBV",BB_Upper
TCS,TCS.NS,2024-11-13,2024,11,1,Bear,0,0.7733,SELL,0,0,0.8325,SELL,0,5,"BB_Upper,Rolling_Volatility,EMA_26,EMA_12,OBV",BB_Upper
TCS,TCS.NS,2024-11-14,2024,11,1,Bear,0,0.7753,SELL,0,0,0.8325,SELL,0,5,"BB_Upper,Rolling_Volatility,EMA_26,EMA_12,OBV",BB_Upper
TCS,TCS.NS,2024-11-18,2024,11,1,Bear,0,0.7463,SELL,0,0,0.7322,SELL,0,5,"BB_Upper,Rolling_Volatility,EMA_26,EMA_12,OBV",BB_Upper
TCS,TCS.NS,2024-11-19,2024,11,1,Bear,0,0.7576,SELL,0,0,0.7322,SELL,0,5,"BB_Upper,Rolling_Volatility,EMA_26,EMA_12,OBV",BB_Upper
TCS,TCS.NS,2024-11-21,2024,11,1,Bear,0,0.777,SELL,0,0,0.7673,SELL,0,5,"BB_Upper,Rolling_Volatility,EMA_26,EMA_12,OBV",BB_Upper
TCS,TCS.NS,2024-11-22,2024,11,0,Bear,0,0.7805,SELL,1,0,0.581,SELL,1,5,"BB_Upper,Rolling_Volatility,EMA_26,EMA_12,OBV",BB_Upper
TCS,TCS.NS,2024-11-25,2024,11,0,Bear,0,0.65,SELL,1,-1,0.501,NO TRADE,0,5,"BB_Upper,Rolling_Volatility,EMA_26,EMA_12,OBV",BB_Upper
TCS,TCS.NS,2024-11-26,2024,11,0,Bear,0,0.6656,SELL,1,-1,0.5346,NO TRADE,0,5,"BB_Upper,Rolling_Volatility,EMA_26,EMA_12,OBV",BB_Upper
TCS,TCS.NS,2024-11-27,2024,11,0,Bear,0,0.6831,SELL,1,-1,0.5002,NO TRADE,0,5,"BB_Upper,Rolling_Volatility,EMA_26,EMA_12,OBV",BB_Upper
TCS,TCS.NS,2024-11-28,2024,11,0,Bear,0,0.7174,SELL,1,1,0.5511,BUY,0,5,"BB_Upper,Rolling_Volatility,EMA_26,EMA_12,OBV",BB_Upper
TCS,TCS.NS,2024-11-29,2024,11,0,Bear,0,0.701,SELL,1,-1,0.5404,NO TRADE,0,5,"BB_Upper,Rolling_Volatility,EMA_26,EMA_12,OBV",BB_Upper
TCS,TCS.NS,2024-12-02,2024,12,0,Bear,0,0.7021,SELL,1,0,0.6214,SELL,1,5,"BB_Upper,Rolling_Volatility,EMA_26,EMA_12,OBV",BB_Upper
